ISO-10303-21;
HEADER;
FILE_DESCRIPTION (( 'STEP AP214' ),
    '1' );
FILE_NAME ('CUI_DEVICES_CMI-1210-5-95T.step',
    '2022-05-24T19:49:56',
    ( '' ),
    ( '' ),
    'SwSTEP 2.0',
    'SolidWorks 2022',
    '' );
FILE_SCHEMA (( 'AUTOMOTIVE_DESIGN' ));
ENDSEC;

DATA;
#1 = DIRECTION ( 'NONE',  ( 1.000000000000000000, 0.0000000000000000000, 0.0000000000000000000 ) ) ;
#2 = EDGE_LOOP ( 'NONE', ( #58, #306, #1180, #1496 ) ) ;
#3 = LINE ( 'NONE', #469, #1267 ) ;
#4 = FACE_OUTER_BOUND ( 'NONE', #397, .T. ) ;
#5 = EDGE_CURVE ( 'NONE', #1266, #1437, #1436, .T. ) ;
#6 = FACE_OUTER_BOUND ( 'NONE', #2, .T. ) ;
#7 = VERTEX_POINT ( 'NONE', #1533 ) ;
#8 = ORIENTED_EDGE ( 'NONE', *, *, #1065, .F. ) ;
#9 = LINE ( 'NONE', #737, #491 ) ;
#10 = CARTESIAN_POINT ( 'NONE',  ( 1.832088245875996289E-17, -0.2755905511811023723, 0.1496062992125984370 ) ) ;
#11 = SURFACE_STYLE_FILL_AREA ( #630 ) ;
#12 = DIRECTION ( 'NONE',  ( 0.0000000000000000000, 1.000000000000000000, 1.644517855226014900E-15 ) ) ;
#13 = EDGE_CURVE ( 'NONE', #437, #190, #1447, .T. ) ;
#14 = VERTEX_POINT ( 'NONE', #236 ) ;
#15 = VECTOR ( 'NONE', #1214, 39.37007874015748143 ) ;
#16 = CIRCLE ( 'NONE', #885, 0.01181102362204724393 ) ;
#17 = FACE_OUTER_BOUND ( 'NONE', #727, .T. ) ;
#18 = DIRECTION ( 'NONE',  ( 0.0000000000000000000, -1.644517855226014900E-15, 1.000000000000000000 ) ) ;
#19 = VECTOR ( 'NONE', #1227, 39.37007874015748143 ) ;
#20 = DIRECTION ( 'NONE',  ( 0.0000000000000000000, -1.000000000000000000, -1.644517855226014900E-15 ) ) ;
#21 = ORIENTED_EDGE ( 'NONE', *, *, #1303, .T. ) ;
#22 = LINE ( 'NONE', #593, #1453 ) ;
#23 = DIRECTION ( 'NONE',  ( 0.0000000000000000000, 1.000000000000000000, 1.644517855226014900E-15 ) ) ;
#24 = UNCERTAINTY_MEASURE_WITH_UNIT (LENGTH_MEASURE( 1.000000000000000082E-05 ), #307, 'distance_accuracy_value', 'NONE');
#25 = LINE ( 'NONE', #253, #1193 ) ;
#26 = CARTESIAN_POINT ( 'NONE',  ( 0.2314465446062098364, -0.09842519685039370636, -0.04725048772002724690 ) ) ;
#27 = ORIENTED_EDGE ( 'NONE', *, *, #1353, .F. ) ;
#28 = EDGE_CURVE ( 'NONE', #468, #1178, #939, .T. ) ;
#29 = CARTESIAN_POINT ( 'NONE',  ( 0.004189380173632157624, 0.2748031496062992018, 0.2034120734908141936 ) ) ;
#30 = EDGE_CURVE ( 'NONE', #271, #181, #1292, .T. ) ;
#31 = CARTESIAN_POINT ( 'NONE',  ( 0.07480314960629921850, -0.09842519685039370636, 0.2240638311034031660 ) ) ;
#32 = FILL_AREA_STYLE_COLOUR ( '', #534 ) ;
#33 = CARTESIAN_POINT ( 'NONE',  ( -0.1385787138878740166, -0.07874015748031495954, -0.1663836946979529718 ) ) ;
#34 = ORIENTED_EDGE ( 'NONE', *, *, #856, .F. ) ;
#35 = ADVANCED_FACE ( 'NONE', ( #216 ), #940, .F. ) ;
#36 = DIRECTION ( 'NONE',  ( 0.0000000000000000000, -1.000000000000000000, -1.644517855226014900E-15 ) ) ;
#37 = AXIS2_PLACEMENT_3D ( 'NONE', #1126, #1385, #553 ) ;
#38 = ORIENTED_EDGE ( 'NONE', *, *, #579, .T. ) ;
#39 =( CONVERSION_BASED_UNIT ( 'INCH', #480 ) LENGTH_UNIT ( ) NAMED_UNIT ( #1532 ) );
#40 = PLANE ( 'NONE',  #707 ) ;
#41 = VERTEX_POINT ( 'NONE', #1299 ) ;
#42 = AXIS2_PLACEMENT_3D ( 'NONE', #167, #1003, #1476 ) ;
#43 = DIRECTION ( 'NONE',  ( 0.0000000000000000000, -1.000000000000000000, -1.644517855226014900E-15 ) ) ;
#44 = EDGE_CURVE ( 'NONE', #1478, #1154, #110, .T. ) ;
#45 = ORIENTED_EDGE ( 'NONE', *, *, #81, .T. ) ;
#46 = CARTESIAN_POINT ( 'NONE',  ( 0.004189380173632157624, 0.2748031496062992018, 0.1731273975368468609 ) ) ;
#47 = ADVANCED_FACE ( 'NONE', ( #348 ), #976, .F. ) ;
#48 = VERTEX_POINT ( 'NONE', #859 ) ;
#49 = CARTESIAN_POINT ( 'NONE',  ( 0.004189380173632157624, 0.2748031496062992018, 0.1801938219261058904 ) ) ;
#50 =( CONVERSION_BASED_UNIT ( 'INCH', #644 ) LENGTH_UNIT ( ) NAMED_UNIT ( #201 ) );
#51 = UNCERTAINTY_MEASURE_WITH_UNIT (LENGTH_MEASURE( 1.000000000000000082E-05 ), #50, 'distance_accuracy_value', 'NONE');
#52 = ORIENTED_EDGE ( 'NONE', *, *, #964, .F. ) ;
#53 = PLANE ( 'NONE',  #736 ) ;
#54 = ADVANCED_BREP_SHAPE_REPRESENTATION ( 'CUI_DEVICES_CMI-1210-5-95T', ( #461, #914 ), #738 ) ;
#55 = FACE_OUTER_BOUND ( 'NONE', #847, .T. ) ;
#56 = EDGE_CURVE ( 'NONE', #309, #880, #384, .T. ) ;
#57 = ORIENTED_EDGE ( 'NONE', *, *, #1303, .F. ) ;
#58 = ORIENTED_EDGE ( 'NONE', *, *, #907, .T. ) ;
#59 = CARTESIAN_POINT ( 'NONE',  ( 0.004189380173632157624, 0.2755905511811023723, 0.1499091459721385855 ) ) ;
#60 = CARTESIAN_POINT ( 'NONE',  ( 0.0000000000000000000, -0.09842519685039370636, -1.618619936246076672E-16 ) ) ;
#61 = CIRCLE ( 'NONE', #1422, 0.04527559055118110520 ) ;
#62 = VERTEX_POINT ( 'NONE', #130 ) ;
#63 = VECTOR ( 'NONE', #92, 39.37007874015748143 ) ;
#64 = DIRECTION ( 'NONE',  ( 1.000000000000000000, 0.0000000000000000000, 0.0000000000000000000 ) ) ;
#65 = CARTESIAN_POINT ( 'NONE',  ( -0.02609529578033515859, 0.2748031496062992018, 0.1801938219261058904 ) ) ;
#66 = APPLICATION_CONTEXT ( 'automotive_design' ) ;
#67 = ORIENTED_EDGE ( 'NONE', *, *, #888, .T. ) ;
#68 = EDGE_CURVE ( 'NONE', #148, #353, #743, .T. ) ;
#69 = COLOUR_RGB ( '',0.7921568627450980005, 0.8196078431372548767, 0.9333333333333333481 ) ;
#70 = EDGE_LOOP ( 'NONE', ( #507, #379, #1492, #1386 ) ) ;
#71 = VECTOR ( 'NONE', #213, 39.37007874015748143 ) ;
#72 = AXIS2_PLACEMENT_3D ( 'NONE', #1130, #43, #987 ) ;
#73 = LINE ( 'NONE', #1280, #93 ) ;
#74 = ORIENTED_EDGE ( 'NONE', *, *, #602, .T. ) ;
#75 = CARTESIAN_POINT ( 'NONE',  ( -0.07480314960629921850, -0.09842519685039370636, 0.2032045338627078701 ) ) ;
#76 = FILL_AREA_STYLE_COLOUR ( '', #482 ) ;
#77 = ORIENTED_EDGE ( 'NONE', *, *, #792, .T. ) ;
#78 = ORIENTED_EDGE ( 'NONE', *, *, #118, .F. ) ;
#79 = FILL_AREA_STYLE ('',( #1408 ) ) ;
#80 = DIRECTION ( 'NONE',  ( -0.0000000000000000000, -1.000000000000000000, -1.644517855226014900E-15 ) ) ;
#81 = EDGE_CURVE ( 'NONE', #107, #41, #25, .T. ) ;
#82 = CARTESIAN_POINT ( 'NONE',  ( 0.2165354330708661457, 0.2165354330708661457, 3.988005278378196695E-16 ) ) ;
#83 = FILL_AREA_STYLE ('',( #187 ) ) ;
#84 = DIRECTION ( 'NONE',  ( 0.0000000000000000000, 1.000000000000000000, 1.644517855226014900E-15 ) ) ;
#85 = ORIENTED_EDGE ( 'NONE', *, *, #1368, .F. ) ;
#86 = ORIENTED_EDGE ( 'NONE', *, *, #1001, .T. ) ;
#87 = FACE_OUTER_BOUND ( 'NONE', #1285, .T. ) ;
#88 = DIRECTION ( 'NONE',  ( 0.0000000000000000000, 1.000000000000000000, 1.644517855226014900E-15 ) ) ;
#89 = CARTESIAN_POINT ( 'NONE',  ( 0.004189380173632157624, 0.2748031496062992018, 0.1499091459721385855 ) ) ;
#90 = ADVANCED_FACE ( 'NONE', ( #1085 ), #387, .T. ) ;
#91 = FACE_BOUND ( 'NONE', #1413, .T. ) ;
#92 = DIRECTION ( 'NONE',  ( 0.0000000000000000000, -1.000000000000000000, -1.644517855226014900E-15 ) ) ;
#93 = VECTOR ( 'NONE', #1270, 39.37007874015748143 ) ;
#94 = VERTEX_POINT ( 'NONE', #1112 ) ;
#95 = ORIENTED_EDGE ( 'NONE', *, *, #1522, .F. ) ;
#96 = CARTESIAN_POINT ( 'NONE',  ( -0.07480314960629921850, -0.08858267716535432601, 0.2032045338582677274 ) ) ;
#97 = MECHANICAL_DESIGN_GEOMETRIC_PRESENTATION_REPRESENTATION (  '', ( #1320 ), #787 ) ;
#98 = VECTOR ( 'NONE', #120, 39.37007874015748143 ) ;
#99 = FILL_AREA_STYLE ('',( #1542 ) ) ;
#100 = VECTOR ( 'NONE', #1535, 39.37007874015748143 ) ;
#101 = ADVANCED_FACE ( 'NONE', ( #720 ), #269, .T. ) ;
#102 = VECTOR ( 'NONE', #323, 39.37007874015748143 ) ;
#103 = CARTESIAN_POINT ( 'NONE',  ( 0.2314465446062992371, -0.08858267716535432601, -0.04725048771653558854 ) ) ;
#104 = DIRECTION ( 'NONE',  ( 0.0000000000000000000, -1.000000000000000000, -1.608377782809829973E-15 ) ) ;
#105 = CARTESIAN_POINT ( 'NONE',  ( -0.1566433950000000463, -0.09842519685039370636, -0.1768133433858269654 ) ) ;
#106 = ADVANCED_FACE ( 'NONE', ( #969 ), #624, .T. ) ;
#107 = VERTEX_POINT ( 'NONE', #836 ) ;
#108 = FACE_OUTER_BOUND ( 'NONE', #229, .T. ) ;
#109 = DIRECTION ( 'NONE',  ( 0.0000000000000000000, 1.000000000000000000, 1.644517855226014900E-15 ) ) ;
#110 = LINE ( 'NONE', #1064, #119 ) ;
#111 = ORIENTED_EDGE ( 'NONE', *, *, #875, .T. ) ;
#112 = DIRECTION ( 'NONE',  ( 0.0000000000000000000, -1.000000000000000000, -1.644517855226014900E-15 ) ) ;
#113 = FACE_OUTER_BOUND ( 'NONE', #355, .T. ) ;
#114 = ORIENTED_EDGE ( 'NONE', *, *, #888, .F. ) ;
#115 = VERTEX_POINT ( 'NONE', #845 ) ;
#116 = VECTOR ( 'NONE', #912, 39.37007874015748854 ) ;
#117 = CARTESIAN_POINT ( 'NONE',  ( 0.0000000000000000000, 0.2755905511811023723, 4.396966259302495713E-16 ) ) ;
#118 = EDGE_CURVE ( 'NONE', #165, #587, #732, .T. ) ;
#119 = VECTOR ( 'NONE', #1431, 39.37007874015748143 ) ;
#120 = DIRECTION ( 'NONE',  ( -1.000000000000000000, 0.0000000000000000000, 0.0000000000000000000 ) ) ;
#121 = AXIS2_PLACEMENT_3D ( 'NONE', #570, #1521, #1536 ) ;
#122 = VECTOR ( 'NONE', #583, 39.37007874015748143 ) ;
#123 = ORIENTED_EDGE ( 'NONE', *, *, #907, .F. ) ;
#124 = LINE ( 'NONE', #721, #1196 ) ;
#125 = VERTEX_POINT ( 'NONE', #500 ) ;
#126 = CARTESIAN_POINT ( 'NONE',  ( -0.002877044215626882277, 0.2748031496062992018, 0.2034120734908141936 ) ) ;
#127 = EDGE_CURVE ( 'NONE', #14, #668, #288, .T. ) ;
#128 = DIRECTION ( 'NONE',  ( -1.000000000000000000, 0.0000000000000000000, 0.0000000000000000000 ) ) ;
#129 = EDGE_LOOP ( 'NONE', ( #862, #656, #665, #199 ) ) ;
#130 = CARTESIAN_POINT ( 'NONE',  ( -0.03937007874015747977, 0.2755905511811023723, 0.1771653543307086520 ) ) ;
#131 = CARTESIAN_POINT ( 'NONE',  ( 0.1566433950000000463, -0.08858267716535432601, -0.1768133433858269654 ) ) ;
#132 = ORIENTED_EDGE ( 'NONE', *, *, #964, .T. ) ;
#133 = DIRECTION ( 'NONE',  ( 0.0000000000000000000, -1.000000000000000000, -1.644517855226014900E-15 ) ) ;
#134 = DIMENSIONAL_EXPONENTS ( 1.000000000000000000, 0.0000000000000000000, 0.0000000000000000000, 0.0000000000000000000, 0.0000000000000000000, 0.0000000000000000000, 0.0000000000000000000 ) ;
#135 = EDGE_CURVE ( 'NONE', #1154, #208, #342, .T. ) ;
#136 = DIRECTION ( 'NONE',  ( 0.0000000000000000000, -1.644517855226014900E-15, 1.000000000000000000 ) ) ;
#137 = CARTESIAN_POINT ( 'NONE',  ( 0.0000000000000000000, -0.07874015748031495954, -1.294895948996860154E-16 ) ) ;
#138 = VERTEX_POINT ( 'NONE', #1391 ) ;
#139 = VECTOR ( 'NONE', #670, 39.37007874015748143 ) ;
#140 = DIRECTION ( 'NONE',  ( 0.0000000000000000000, -1.000000000000000000, -1.644517855226014900E-15 ) ) ;
#141 = CARTESIAN_POINT ( 'NONE',  ( -0.2314465446180732355, -0.09842519685039370636, -0.04725048766497055158 ) ) ;
#142 = ADVANCED_FACE ( 'NONE', ( #873 ), #314, .F. ) ;
#143 = VECTOR ( 'NONE', #584, 39.37007874015748143 ) ;
#144 = VECTOR ( 'NONE', #1314, 39.37007874015748143 ) ;
#145 = DIRECTION ( 'NONE',  ( 0.0000000000000000000, 1.000000000000000000, 1.644517855226014900E-15 ) ) ;
#146 = AXIS2_PLACEMENT_3D ( 'NONE', #855, #140, #956 ) ;
#147 = ADVANCED_FACE ( 'NONE', ( #533 ), #53, .T. ) ;
#148 = VERTEX_POINT ( 'NONE', #1484 ) ;
#149 = DIRECTION ( 'NONE',  ( -1.000000000000000000, 0.0000000000000000000, 0.0000000000000000000 ) ) ;
#150 = CARTESIAN_POINT ( 'NONE',  ( 0.2165354330708661457, 0.2165354330708661457, 3.826143284753588436E-16 ) ) ;
#151 = ORIENTED_EDGE ( 'NONE', *, *, #326, .F. ) ;
#152 = DIRECTION ( 'NONE',  ( 0.0000000000000000000, -1.000000000000000000, -1.644517855226014900E-15 ) ) ;
#153 = CARTESIAN_POINT ( 'NONE',  ( -0.2314465446287319039, 0.08858267716535432601, -0.04725048761276134240 ) ) ;
#154 = ORIENTED_EDGE ( 'NONE', *, *, #877, .F. ) ;
#155 = DIRECTION ( 'NONE',  ( 0.0000000000000000000, 1.000000000000000000, 1.644517855226014900E-15 ) ) ;
#156 = DIRECTION ( 'NONE',  ( -0.8660253974327362103, 8.222589457051222024E-16, -0.5000000110014711785 ) ) ;
#157 = ORIENTED_EDGE ( 'NONE', *, *, #454, .T. ) ;
#158 = CARTESIAN_POINT ( 'NONE',  ( 0.2133818632975157670, -0.09842519685039370636, -0.03682083911709819329 ) ) ;
#159 = CIRCLE ( 'NONE', #1546, 0.2362204724409449064 ) ;
#160 = SURFACE_SIDE_STYLE ('',( #891 ) ) ;
#161 = VERTEX_POINT ( 'NONE', #881 ) ;
#162 = CARTESIAN_POINT ( 'NONE',  ( -0.07480314960629921850, -0.09842519685039370636, 0.2136341824803149880 ) ) ;
#163 = LINE ( 'NONE', #150, #1468 ) ;
#164 = VECTOR ( 'NONE', #1038, 39.37007874015748143 ) ;
#165 = VERTEX_POINT ( 'NONE', #1365 ) ;
#166 = CIRCLE ( 'NONE', #762, 0.2165354330708661457 ) ;
#167 = CARTESIAN_POINT ( 'NONE',  ( 0.0000000000000000000, 0.2165354330708661457, 3.560963859741366410E-16 ) ) ;
#168 = CARTESIAN_POINT ( 'NONE',  ( 0.0000000000000000000, -0.07874015748031495954, -1.294895948996860154E-16 ) ) ;
#169 = EDGE_CURVE ( 'NONE', #138, #190, #171, .T. ) ;
#170 = VERTEX_POINT ( 'NONE', #661 ) ;
#171 = LINE ( 'NONE', #162, #164 ) ;
#172 = PLANE ( 'NONE',  #1343 ) ;
#173 = EDGE_LOOP ( 'NONE', ( #111, #1129, #420, #934 ) ) ;
#174 = ORIENTED_EDGE ( 'NONE', *, *, #645, .T. ) ;
#175 = DIRECTION ( 'NONE',  ( 1.000000000000000000, 0.0000000000000000000, 0.0000000000000000000 ) ) ;
#176 = CARTESIAN_POINT ( 'NONE',  ( -0.2224142039566929241, -0.09842519685039370636, -0.04203566340551196517 ) ) ;
#177 = ADVANCED_FACE ( 'NONE', ( #754 ), #1506, .F. ) ;
#178 = CARTESIAN_POINT ( 'NONE',  ( -0.02609529578033515859, 0.2748031496062992018, 0.1801938219261058904 ) ) ;
#179 =( LENGTH_UNIT ( ) NAMED_UNIT ( * ) SI_UNIT ( $, .METRE. ) );
#180 = ORIENTED_EDGE ( 'NONE', *, *, #308, .F. ) ;
#181 = VERTEX_POINT ( 'NONE', #639 ) ;
#182 = CARTESIAN_POINT ( 'NONE',  ( 0.02740763173834043220, 0.2748031496062992018, 0.1731273975368468609 ) ) ;
#183 = CYLINDRICAL_SURFACE ( 'NONE', #757, 0.2362204724409449064 ) ;
#184 = VECTOR ( 'NONE', #1480, 39.37007874015748143 ) ;
#185 = VERTEX_POINT ( 'NONE', #178 ) ;
#186 = AXIS2_PLACEMENT_3D ( 'NONE', #925, #352, #235 ) ;
#187 = FILL_AREA_STYLE_COLOUR ( '', #1426 ) ;
#188 = LENGTH_MEASURE_WITH_UNIT ( LENGTH_MEASURE( 0.02539999999999999897 ), #179 );
#189 = EDGE_CURVE ( 'NONE', #1268, #1516, #1119, .T. ) ;
#190 = VERTEX_POINT ( 'NONE', #75 ) ;
#191 = EDGE_CURVE ( 'NONE', #1276, #353, #1008, .T. ) ;
#192 = ORIENTED_EDGE ( 'NONE', *, *, #1406, .T. ) ;
#193 = AXIS2_PLACEMENT_3D ( 'NONE', #1206, #1105, #958 ) ;
#194 = CIRCLE ( 'NONE', #1050, 0.01181102362204724393 ) ;
#195 = CYLINDRICAL_SURFACE ( 'NONE', #1272, 0.04330708661417323468 ) ;
#196 = CARTESIAN_POINT ( 'NONE',  ( -0.002877044215626882277, 0.2755905511811023723, 0.1801938219261058904 ) ) ;
#197 = SURFACE_STYLE_USAGE ( .BOTH. , #331 ) ;
#198 = DIRECTION ( 'NONE',  ( 0.0000000000000000000, -1.000000000000000000, -1.644517855226014900E-15 ) ) ;
#199 = ORIENTED_EDGE ( 'NONE', *, *, #1335, .F. ) ;
#200 = ORIENTED_EDGE ( 'NONE', *, *, #1139, .F. ) ;
#201 = DIMENSIONAL_EXPONENTS ( 1.000000000000000000, 0.0000000000000000000, 0.0000000000000000000, 0.0000000000000000000, 0.0000000000000000000, 0.0000000000000000000, 0.0000000000000000000 ) ;
#202 = EDGE_CURVE ( 'NONE', #1284, #1079, #1243, .T. ) ;
#203 = CARTESIAN_POINT ( 'NONE',  ( -0.02609529578033515859, 0.2748031496062992018, 0.1731273975368468609 ) ) ;
#204 = DIRECTION ( 'NONE',  ( -1.000000000000000000, 0.0000000000000000000, 0.0000000000000000000 ) ) ;
#205 = PLANE ( 'NONE',  #991 ) ;
#206 = CARTESIAN_POINT ( 'NONE',  ( -0.1566433950004872122, -0.07874015746062973387, -0.1768133433962057188 ) ) ;
#207 = DIRECTION ( 'NONE',  ( 0.0000000000000000000, 1.644517855226014900E-15, -1.000000000000000000 ) ) ;
#208 = VERTEX_POINT ( 'NONE', #1256 ) ;
#209 = ORIENTED_EDGE ( 'NONE', *, *, #329, .T. ) ;
#210 = LINE ( 'NONE', #131, #566 ) ;
#211 = EDGE_CURVE ( 'NONE', #1002, #1478, #220, .T. ) ;
#212 = CARTESIAN_POINT ( 'NONE',  ( 0.2191338582677165303, 0.2362204724409449064, 0.2191349362992129901 ) ) ;
#213 = DIRECTION ( 'NONE',  ( 0.0000000000000000000, 1.000000000000000000, 1.644517855226014900E-15 ) ) ;
#214 = CARTESIAN_POINT ( 'NONE',  ( 0.0000000000000000000, -0.09842519685039370636, -1.618619936246076672E-16 ) ) ;
#215 = AXIS2_PLACEMENT_3D ( 'NONE', #795, #1016, #1036 ) ;
#216 = FACE_OUTER_BOUND ( 'NONE', #279, .T. ) ;
#217 = ORIENTED_EDGE ( 'NONE', *, *, #649, .F. ) ;
#218 = PRESENTATION_LAYER_ASSIGNMENT (  '', '', ( #1320 ) ) ;
#219 = SHAPE_DEFINITION_REPRESENTATION ( #1417, #54 ) ;
#220 = CIRCLE ( 'NONE', #1216, 0.04330708661417323468 ) ;
#221 = CIRCLE ( 'NONE', #1096, 0.2165354330708661457 ) ;
#222 = VECTOR ( 'NONE', #1067, 39.37007874015748143 ) ;
#223 = DIRECTION ( 'NONE',  ( 0.0000000000000000000, 1.644517855226014900E-15, -1.000000000000000000 ) ) ;
#224 = ORIENTED_EDGE ( 'NONE', *, *, #1084, .T. ) ;
#225 = ORIENTED_EDGE ( 'NONE', *, *, #1461, .F. ) ;
#226 =( NAMED_UNIT ( * ) SI_UNIT ( $, .STERADIAN. ) SOLID_ANGLE_UNIT ( ) );
#227 = DIRECTION ( 'NONE',  ( -1.000000000000000000, 0.0000000000000000000, 0.0000000000000000000 ) ) ;
#228 = CARTESIAN_POINT ( 'NONE',  ( -0.2133818632994023690, -0.08858267716535432601, -0.03682083907331098332 ) ) ;
#229 = EDGE_LOOP ( 'NONE', ( #799, #132, #993, #1100 ) ) ;
#230 = EDGE_CURVE ( 'NONE', #650, #115, #1032, .T. ) ;
#231 = ORIENTED_EDGE ( 'NONE', *, *, #858, .F. ) ;
#232 =( NAMED_UNIT ( * ) PLANE_ANGLE_UNIT ( ) SI_UNIT ( $, .RADIAN. ) );
#233 = PLANE ( 'NONE',  #146 ) ;
#234 = LINE ( 'NONE', #1549, #1499 ) ;
#235 = DIRECTION ( 'NONE',  ( 0.0000000000000000000, -1.590163186312072907E-15, 1.000000000000000000 ) ) ;
#236 = CARTESIAN_POINT ( 'NONE',  ( 2.892866454678787531E-17, 0.2755905511811027608, -0.2362204724409444623 ) ) ;
#237 = LINE ( 'NONE', #604, #614 ) ;
#238 = AXIS2_PLACEMENT_3D ( 'NONE', #214, #104, #571 ) ;
#239 = ORIENTED_EDGE ( 'NONE', *, *, #590, .T. ) ;
#240 = EDGE_CURVE ( 'NONE', #161, #1313, #1411, .T. ) ;
#241 = PLANE ( 'NONE',  #1501 ) ;
#242 = STYLED_ITEM ( 'NONE', ( #287 ), #147 ) ;
#243 = PLANE ( 'NONE',  #1475 ) ;
#244 = CIRCLE ( 'NONE', #72, 0.01181102362204724393 ) ;
#245 = AXIS2_PLACEMENT_3D ( 'NONE', #250, #1445, #149 ) ;
#246 = DIRECTION ( 'NONE',  ( 0.0000000000000000000, 1.000000000000000000, 1.644517855226014900E-15 ) ) ;
#247 = ORIENTED_EDGE ( 'NONE', *, *, #1226, .T. ) ;
#248 = EDGE_CURVE ( 'NONE', #1540, #820, #575, .T. ) ;
#249 =( LENGTH_UNIT ( ) NAMED_UNIT ( * ) SI_UNIT ( $, .METRE. ) );
#250 = CARTESIAN_POINT ( 'NONE',  ( 1.832088245875996289E-17, -0.2755905511811023723, 0.1496062992125984370 ) ) ;
#251 = EDGE_CURVE ( 'NONE', #880, #309, #1019, .T. ) ;
#252 = DIRECTION ( 'NONE',  ( 0.5000000003998958942, -1.424194239223139839E-15, 0.8660254035535587258 ) ) ;
#253 = CARTESIAN_POINT ( 'NONE',  ( -0.07480314961700787468, -0.07874015748031495954, -1.294895948996860154E-16 ) ) ;
#254 = DIRECTION ( 'NONE',  ( 0.0000000000000000000, 1.000000000000000000, 1.644517855226014900E-15 ) ) ;
#255 = ORIENTED_EDGE ( 'NONE', *, *, #1541, .F. ) ;
#256 = DIRECTION ( 'NONE',  ( 0.0000000000000000000, 1.000000000000000000, 1.608377782809829973E-15 ) ) ;
#257 = EDGE_CURVE ( 'NONE', #148, #185, #1543, .T. ) ;
#258 = LINE ( 'NONE', #471, #865 ) ;
#259 = ADVANCED_FACE ( 'NONE', ( #108 ), #1047, .T. ) ;
#260 = DIRECTION ( 'NONE',  ( 0.0000000000000000000, -1.000000000000000000, -1.644517855226014900E-15 ) ) ;
#261 = FACE_OUTER_BOUND ( 'NONE', #1137, .T. ) ;
#262 = ORIENTED_EDGE ( 'NONE', *, *, #1235, .F. ) ;
#263 = DIMENSIONAL_EXPONENTS ( 1.000000000000000000, 0.0000000000000000000, 0.0000000000000000000, 0.0000000000000000000, 0.0000000000000000000, 0.0000000000000000000, 0.0000000000000000000 ) ;
#264 = AXIS2_PLACEMENT_3D ( 'NONE', #441, #922, #929 ) ;
#265 = DIRECTION ( 'NONE',  ( 0.0000000000000000000, -1.000000000000000000, -1.644517855226014900E-15 ) ) ;
#266 = FACE_OUTER_BOUND ( 'NONE', #518, .T. ) ;
#267 = VECTOR ( 'NONE', #623, 39.37007874015748143 ) ;
#268 = CIRCLE ( 'NONE', #42, 0.2165354330708661457 ) ;
#269 = CYLINDRICAL_SURFACE ( 'NONE', #1017, 0.01181102362204724393 ) ;
#270 = DIRECTION ( 'NONE',  ( -1.000000000000000000, 0.0000000000000000000, 0.0000000000000000000 ) ) ;
#271 = VERTEX_POINT ( 'NONE', #448 ) ;
#272 = CARTESIAN_POINT ( 'NONE',  ( 0.2133818633070866388, -0.08858267716535432601, -0.03682083909448834874 ) ) ;
#273 = CARTESIAN_POINT ( 'NONE',  ( 0.07480314960629921850, -0.09842519685039370636, 0.2032045338627078701 ) ) ;
#274 = CARTESIAN_POINT ( 'NONE',  ( 0.0000000000000000000, 0.2755905511811023723, 4.532135821489015470E-16 ) ) ;
#275 = DIRECTION ( 'NONE',  ( 0.0000000000000000000, -1.000000000000000000, -1.608377782809829973E-15 ) ) ;
#276 = ORIENTED_EDGE ( 'NONE', *, *, #383, .T. ) ;
#277 = PLANE ( 'NONE',  #988 ) ;
#278 = CYLINDRICAL_SURFACE ( 'NONE', #919, 0.01181102362204724393 ) ;
#279 = EDGE_LOOP ( 'NONE', ( #753, #515, #703, #1325 ) ) ;
#280 = LENGTH_MEASURE_WITH_UNIT ( LENGTH_MEASURE( 0.02539999999999999897 ), #647 );
#281 = DIRECTION ( 'NONE',  ( -1.000000000000000000, 0.0000000000000000000, 0.0000000000000000000 ) ) ;
#282 = ORIENTED_EDGE ( 'NONE', *, *, #524, .T. ) ;
#283 = LINE ( 'NONE', #759, #19 ) ;
#284 = ADVANCED_FACE ( 'NONE', ( #924 ), #1304, .T. ) ;
#285 = AXIS2_PLACEMENT_3D ( 'NONE', #212, #80, #204 ) ;
#286 = DIRECTION ( 'NONE',  ( -1.000000000000000000, 0.0000000000000000000, 0.0000000000000000000 ) ) ;
#287 = PRESENTATION_STYLE_ASSIGNMENT (( #763 ) ) ;
#288 = CIRCLE ( 'NONE', #986, 0.2362204724409449064 ) ;
#289 = CARTESIAN_POINT ( 'NONE',  ( 0.01181102362204726301, -0.07874015748031495954, -0.1496062992125982427 ) ) ;
#290 = VECTOR ( 'NONE', #357, 39.37007874015748143 ) ;
#291 = ORIENTED_EDGE ( 'NONE', *, *, #758, .F. ) ;
#292 =( GEOMETRIC_REPRESENTATION_CONTEXT ( 3 ) GLOBAL_UNCERTAINTY_ASSIGNED_CONTEXT ( ( #1229 ) ) GLOBAL_UNIT_ASSIGNED_CONTEXT ( ( #1425, #1302, #706 ) ) REPRESENTATION_CONTEXT ( 'NONE', 'WORKASPACE' ) );
#293 = EDGE_LOOP ( 'NONE', ( #1140, #1053 ) ) ;
#294 = CARTESIAN_POINT ( 'NONE',  ( 1.832088245875996289E-17, -0.2362204724409449064, -0.1496062992125984370 ) ) ;
#295 = EDGE_CURVE ( 'NONE', #1002, #208, #234, .T. ) ;
#296 = FACE_BOUND ( 'NONE', #750, .T. ) ;
#297 = EDGE_LOOP ( 'NONE', ( #1033, #446, #1081, #996, #790 ) ) ;
#298 = CARTESIAN_POINT ( 'NONE',  ( -0.002877044215626882277, 0.2755905511811023723, 0.2034120734908141936 ) ) ;
#299 = FACE_OUTER_BOUND ( 'NONE', #1432, .T. ) ;
#300 = VERTEX_POINT ( 'NONE', #206 ) ;
#301 = ORIENTED_EDGE ( 'NONE', *, *, #1235, .T. ) ;
#302 = CARTESIAN_POINT ( 'NONE',  ( 0.02740763173834043220, 0.2755905511811023723, 0.1731273975368468609 ) ) ;
#303 = FACE_OUTER_BOUND ( 'NONE', #1277, .T. ) ;
#304 = LENGTH_MEASURE_WITH_UNIT ( LENGTH_MEASURE( 0.02539999999999999897 ), #1132 );
#305 = EDGE_CURVE ( 'NONE', #562, #629, #351, .T. ) ;
#306 = ORIENTED_EDGE ( 'NONE', *, *, #745, .F. ) ;
#307 =( CONVERSION_BASED_UNIT ( 'INCH', #280 ) LENGTH_UNIT ( ) NAMED_UNIT ( #1250 ) );
#308 = EDGE_CURVE ( 'NONE', #562, #962, #434, .T. ) ;
#309 = VERTEX_POINT ( 'NONE', #1418 ) ;
#310 = ORIENTED_EDGE ( 'NONE', *, *, #666, .T. ) ;
#311 = PLANE ( 'NONE',  #285 ) ;
#312 = AXIS2_PLACEMENT_3D ( 'NONE', #726, #874, #281 ) ;
#313 = VECTOR ( 'NONE', #1287, 39.37007874015748143 ) ;
#314 = CYLINDRICAL_SURFACE ( 'NONE', #863, 0.04527559055118110520 ) ;
#315 = LINE ( 'NONE', #523, #1111 ) ;
#316 = EDGE_LOOP ( 'NONE', ( #999, #765 ) ) ;
#317 = MECHANICAL_DESIGN_GEOMETRIC_PRESENTATION_REPRESENTATION (  '', ( #242 ), #840 ) ;
#318 = ORIENTED_EDGE ( 'NONE', *, *, #412, .F. ) ;
#319 = STYLED_ITEM ( 'NONE', ( #1390 ), #461 ) ;
#320 = CIRCLE ( 'NONE', #409, 0.04527559055118110520 ) ;
#321 = LINE ( 'NONE', #1164, #144 ) ;
#322 = CARTESIAN_POINT ( 'NONE',  ( 0.004189380173632157624, 0.2748031496062992018, 0.1499091459721385855 ) ) ;
#323 = DIRECTION ( 'NONE',  ( 0.0000000000000000000, -1.644517855226014900E-15, 1.000000000000000000 ) ) ;
#324 = DIRECTION ( 'NONE',  ( 1.000000000000000000, 0.0000000000000000000, 0.0000000000000000000 ) ) ;
#325 = ORIENTED_EDGE ( 'NONE', *, *, #345, .T. ) ;
#326 = EDGE_CURVE ( 'NONE', #1133, #1058, #679, .T. ) ;
#327 = ORIENTED_EDGE ( 'NONE', *, *, #1012, .F. ) ;
#328 = DIRECTION ( 'NONE',  ( 0.0000000000000000000, -1.000000000000000000, -1.644517855226014900E-15 ) ) ;
#329 = EDGE_CURVE ( 'NONE', #399, #62, #818, .T. ) ;
#330 = DIRECTION ( 'NONE',  ( 0.0000000000000000000, -1.000000000000000000, -1.608377782809829973E-15 ) ) ;
#331 = SURFACE_SIDE_STYLE ('',( #1433 ) ) ;
#332 = CARTESIAN_POINT ( 'NONE',  ( 0.0000000000000000000, -0.09842519685039408106, 0.2362204724409447121 ) ) ;
#333 = CARTESIAN_POINT ( 'NONE',  ( 0.1476110543503937056, -0.09842519685039370636, -0.1715985190748033629 ) ) ;
#334 = EDGE_LOOP ( 'NONE', ( #872, #1237, #710, #404 ) ) ;
#335 = CARTESIAN_POINT ( 'NONE',  ( -0.04330708661417323468, 0.2748031496062992018, 0.1771653543307086520 ) ) ;
#336 = ADVANCED_FACE ( 'NONE', ( #91, #338 ), #747, .T. ) ;
#337 = DIRECTION ( 'NONE',  ( 1.000000000000000000, 0.0000000000000000000, 0.0000000000000000000 ) ) ;
#338 = FACE_OUTER_BOUND ( 'NONE', #886, .T. ) ;
#339 = CARTESIAN_POINT ( 'NONE',  ( -0.2133818633201716719, -0.07874015748031495954, -0.03682083895295177461 ) ) ;
#340 = CARTESIAN_POINT ( 'NONE',  ( 0.0000000000000000000, 0.2362204724409449064, 3.884687846990582928E-16 ) ) ;
#341 = EDGE_LOOP ( 'NONE', ( #674, #1174, #325, #457 ) ) ;
#342 = CIRCLE ( 'NONE', #916, 0.04330708661417323468 ) ;
#343 = VECTOR ( 'NONE', #1068, 39.37007874015748143 ) ;
#344 = STYLED_ITEM ( 'NONE', ( #1526 ), #1025 ) ;
#345 = EDGE_CURVE ( 'NONE', #437, #1354, #478, .T. ) ;
#346 = DIRECTION ( 'NONE',  ( 0.0000000000000000000, 1.000000000000000000, 1.644517855226014900E-15 ) ) ;
#347 = DIRECTION ( 'NONE',  ( 0.0000000000000000000, 1.000000000000000000, 1.644517855226014900E-15 ) ) ;
#348 = FACE_OUTER_BOUND ( 'NONE', #173, .T. ) ;
#349 = ORIENTED_EDGE ( 'NONE', *, *, #519, .F. ) ;
#350 =( CONVERSION_BASED_UNIT ( 'INCH', #1075 ) LENGTH_UNIT ( ) NAMED_UNIT ( #577 ) );
#351 = LINE ( 'NONE', #1056, #98 ) ;
#352 = DIRECTION ( 'NONE',  ( 0.0000000000000000000, -1.000000000000000000, -1.608377782809829973E-15 ) ) ;
#353 = VERTEX_POINT ( 'NONE', #1220 ) ;
#354 = EDGE_CURVE ( 'NONE', #1026, #1194, #508, .T. ) ;
#355 = EDGE_LOOP ( 'NONE', ( #310, #1147 ) ) ;
#356 = PLANE ( 'NONE',  #1245 ) ;
#357 = DIRECTION ( 'NONE',  ( 0.0000000000000000000, 1.000000000000000000, 1.644517855226014900E-15 ) ) ;
#358 = EDGE_LOOP ( 'NONE', ( #1545, #1339, #773, #483 ) ) ;
#359 = EDGE_CURVE ( 'NONE', #181, #1133, #1347, .T. ) ;
#360 = ORIENTED_EDGE ( 'NONE', *, *, #848, .F. ) ;
#361 = CARTESIAN_POINT ( 'NONE',  ( -0.002877044215626882277, 0.2755905511811023723, 0.1499091459721385855 ) ) ;
#362 = DIRECTION ( 'NONE',  ( -0.0000000000000000000, -1.000000000000000000, -1.644517855226014900E-15 ) ) ;
#363 = PRESENTATION_LAYER_ASSIGNMENT (  '', '', ( #242 ) ) ;
#364 = LINE ( 'NONE', #1462, #941 ) ;
#365 = VECTOR ( 'NONE', #1062, 39.37007874015748143 ) ;
#366 =( NAMED_UNIT ( * ) PLANE_ANGLE_UNIT ( ) SI_UNIT ( $, .RADIAN. ) );
#367 = CARTESIAN_POINT ( 'NONE',  ( -0.1385787137634630073, -0.07874015748031495954, -0.1663836947130448995 ) ) ;
#368 = VERTEX_POINT ( 'NONE', #1099 ) ;
#369 = EDGE_CURVE ( 'NONE', #437, #428, #857, .T. ) ;
#370 = CARTESIAN_POINT ( 'NONE',  ( 0.0000000000000000000, 0.2748031496062992018, 0.1771653543307086520 ) ) ;
#371 = EDGE_CURVE ( 'NONE', #1127, #502, #1169, .T. ) ;
#372 = CARTESIAN_POINT ( 'NONE',  ( 0.0000000000000000000, 0.2748031496062992018, 0.1771653543307086520 ) ) ;
#373 = DIRECTION ( 'NONE',  ( -1.000000000000000000, 0.0000000000000000000, 0.0000000000000000000 ) ) ;
#374 = DIRECTION ( 'NONE',  ( 1.000000000000000000, 0.0000000000000000000, 0.0000000000000000000 ) ) ;
#375 = ORIENTED_EDGE ( 'NONE', *, *, #1179, .T. ) ;
#376 = FACE_BOUND ( 'NONE', #642, .T. ) ;
#377 = ORIENTED_EDGE ( 'NONE', *, *, #1441, .F. ) ;
#378 = DIRECTION ( 'NONE',  ( 1.000000000000000000, 0.0000000000000000000, 0.0000000000000000000 ) ) ;
#379 = ORIENTED_EDGE ( 'NONE', *, *, #445, .F. ) ;
#380 = PRESENTATION_LAYER_ASSIGNMENT (  '', '', ( #1395 ) ) ;
#381 = DIRECTION ( 'NONE',  ( 0.0000000000000000000, 1.000000000000000000, 1.644517855226014900E-15 ) ) ;
#382 = PLANE ( 'NONE',  #193 ) ;
#383 = EDGE_CURVE ( 'NONE', #125, #94, #1428, .T. ) ;
#384 = CIRCLE ( 'NONE', #1143, 0.04527559055118110520 ) ;
#385 = VECTOR ( 'NONE', #18, 39.37007874015748143 ) ;
#386 = AXIS2_PLACEMENT_3D ( 'NONE', #1361, #152, #1109 ) ;
#387 = PLANE ( 'NONE',  #761 ) ;
#388 = CARTESIAN_POINT ( 'NONE',  ( -0.07480314960629921850, -0.09842519685039370636, 0.2030124055118110171 ) ) ;
#389 = ORIENTED_EDGE ( 'NONE', *, *, #519, .T. ) ;
#390 = LINE ( 'NONE', #634, #1244 ) ;
#391 = UNCERTAINTY_MEASURE_WITH_UNIT (LENGTH_MEASURE( 1.000000000000000082E-05 ), #1416, 'distance_accuracy_value', 'NONE');
#392 = ORIENTED_EDGE ( 'NONE', *, *, #561, .F. ) ;
#393 = CARTESIAN_POINT ( 'NONE',  ( 0.01181102362204726301, -0.2755905511811023723, 0.1496062992125984370 ) ) ;
#394 = EDGE_CURVE ( 'NONE', #962, #1276, #258, .T. ) ;
#395 = ORIENTED_EDGE ( 'NONE', *, *, #1091, .T. ) ;
#396 = CARTESIAN_POINT ( 'NONE',  ( 0.004189380173632157624, 0.2748031496062992018, 0.1499091459721385855 ) ) ;
#397 = EDGE_LOOP ( 'NONE', ( #920, #1020, #527, #817 ) ) ;
#398 = SURFACE_STYLE_USAGE ( .BOTH. , #648 ) ;
#399 = VERTEX_POINT ( 'NONE', #968 ) ;
#400 = EDGE_LOOP ( 'NONE', ( #1363, #1225, #123, #793 ) ) ;
#401 = DIRECTION ( 'NONE',  ( 1.000000000000000000, 0.0000000000000000000, 0.0000000000000000000 ) ) ;
#402 = FACE_OUTER_BOUND ( 'NONE', #70, .T. ) ;
#403 = FACE_OUTER_BOUND ( 'NONE', #1201, .T. ) ;
#404 = ORIENTED_EDGE ( 'NONE', *, *, #1541, .T. ) ;
#405 = CARTESIAN_POINT ( 'NONE',  ( 0.0000000000000000000, -0.07874015748031495954, -1.294895948996860154E-16 ) ) ;
#406 = AXIS2_PLACEMENT_3D ( 'NONE', #1332, #852, #1456 ) ;
#407 = CARTESIAN_POINT ( 'NONE',  ( -0.002877044215626882277, 0.2748031496062992018, 0.2034120734908141936 ) ) ;
#408 = PRODUCT_DEFINITION_FORMATION_WITH_SPECIFIED_SOURCE ( 'ANY', '', #704, .NOT_KNOWN. ) ;
#409 = AXIS2_PLACEMENT_3D ( 'NONE', #878, #1242, #520 ) ;
#410 = ORIENTED_EDGE ( 'NONE', *, *, #550, .T. ) ;
#411 = MECHANICAL_DESIGN_GEOMETRIC_PRESENTATION_REPRESENTATION (  '', ( #967 ), #292 ) ;
#412 = EDGE_CURVE ( 'NONE', #1259, #1540, #975, .T. ) ;
#413 = ORIENTED_EDGE ( 'NONE', *, *, #1117, .T. ) ;
#414 = DIRECTION ( 'NONE',  ( 0.0000000000000000000, -1.644517855226014900E-15, 1.000000000000000000 ) ) ;
#415 = CARTESIAN_POINT ( 'NONE',  ( -0.03937007874015747977, 0.2748031496062992018, 0.1771653543307086520 ) ) ;
#416 = ADVANCED_FACE ( 'NONE', ( #376, #729, #266 ), #866, .T. ) ;
#417 = ORIENTED_EDGE ( 'NONE', *, *, #1224, .F. ) ;
#418 = DIRECTION ( 'NONE',  ( -1.000000000000000000, 0.0000000000000000000, 0.0000000000000000000 ) ) ;
#419 = DIRECTION ( 'NONE',  ( 1.000000000000000000, 0.0000000000000000000, -0.0000000000000000000 ) ) ;
#420 = ORIENTED_EDGE ( 'NONE', *, *, #56, .T. ) ;
#421 = ORIENTED_EDGE ( 'NONE', *, *, #1177, .F. ) ;
#422 = DIRECTION ( 'NONE',  ( 0.0000000000000000000, -1.590163186312072907E-15, 1.000000000000000000 ) ) ;
#423 = UNCERTAINTY_MEASURE_WITH_UNIT (LENGTH_MEASURE( 1.000000000000000082E-05 ), #39, 'distance_accuracy_value', 'NONE');
#424 = VERTEX_POINT ( 'NONE', #141 ) ;
#425 = CARTESIAN_POINT ( 'NONE',  ( 0.0000000000000000000, 0.2362204724409449064, 3.884687846990582928E-16 ) ) ;
#426 = FACE_OUTER_BOUND ( 'NONE', #770, .T. ) ;
#427 = ORIENTED_EDGE ( 'NONE', *, *, #850, .T. ) ;
#428 = VERTEX_POINT ( 'NONE', #31 ) ;
#429 = LINE ( 'NONE', #96, #1324 ) ;
#430 = CARTESIAN_POINT ( 'NONE',  ( -0.002877044215626882277, 0.2748031496062992018, 0.2034120734908141936 ) ) ;
#431 = LINE ( 'NONE', #1529, #893 ) ;
#432 = VECTOR ( 'NONE', #1191, 39.37007874015748143 ) ;
#433 = EDGE_CURVE ( 'NONE', #138, #41, #364, .T. ) ;
#434 = LINE ( 'NONE', #947, #71 ) ;
#435 = FACE_OUTER_BOUND ( 'NONE', #854, .T. ) ;
#436 = ORIENTED_EDGE ( 'NONE', *, *, #927, .T. ) ;
#437 = VERTEX_POINT ( 'NONE', #273 ) ;
#438 = VECTOR ( 'NONE', #1446, 39.37007874015748143 ) ;
#439 = PRESENTATION_LAYER_ASSIGNMENT (  '', '', ( #344 ) ) ;
#440 = DIRECTION ( 'NONE',  ( 0.0000000000000000000, 1.000000000000000000, 1.644517855226014900E-15 ) ) ;
#441 = CARTESIAN_POINT ( 'NONE',  ( 0.0000000000000000000, 0.2748031496062992018, 0.1771653543307086520 ) ) ;
#442 = CARTESIAN_POINT ( 'NONE',  ( 0.004189380173632157624, 0.2755905511811023723, 0.1499091459721385855 ) ) ;
#443 = DIRECTION ( 'NONE',  ( -1.000000000000000000, 0.0000000000000000000, 0.0000000000000000000 ) ) ;
#444 = DIRECTION ( 'NONE',  ( -1.000000000000000000, 0.0000000000000000000, 0.0000000000000000000 ) ) ;
#445 = EDGE_CURVE ( 'NONE', #7, #1474, #1350, .T. ) ;
#446 = ORIENTED_EDGE ( 'NONE', *, *, #13, .F. ) ;
#447 = LENGTH_MEASURE_WITH_UNIT ( LENGTH_MEASURE( 0.02539999999999999897 ), #700 );
#448 = CARTESIAN_POINT ( 'NONE',  ( 0.1385787136566468403, -0.09842519685039370636, -0.1663836948034773666 ) ) ;
#449 = CARTESIAN_POINT ( 'NONE',  ( 0.07480314961165354659, -0.07874015748031495954, 0.2032045338607370299 ) ) ;
#450 = DIRECTION ( 'NONE',  ( -0.5000000003998997800, -1.424194239223137275E-15, 0.8660254035535563943 ) ) ;
#451 = ORIENTED_EDGE ( 'NONE', *, *, #814, .T. ) ;
#452 = ADVANCED_FACE ( 'NONE', ( #1331 ), #382, .T. ) ;
#453 = FILL_AREA_STYLE ('',( #713 ) ) ;
#454 = EDGE_CURVE ( 'NONE', #544, #424, #1469, .T. ) ;
#455 = DIRECTION ( 'NONE',  ( 0.0000000000000000000, 1.000000000000000000, 1.644517855226014900E-15 ) ) ;
#456 = CIRCLE ( 'NONE', #186, 0.2362204724409449064 ) ;
#457 = ORIENTED_EDGE ( 'NONE', *, *, #698, .F. ) ;
#458 = ORIENTED_EDGE ( 'NONE', *, *, #127, .F. ) ;
#459 = STYLED_ITEM ( 'NONE', ( #1316 ), #54 ) ;
#460 = ADVANCED_FACE ( 'NONE', ( #6 ), #243, .T. ) ;
#461 = MANIFOLD_SOLID_BREP ( 'Imported1', #1497 ) ;
#462 = AXIS2_PLACEMENT_3D ( 'NONE', #405, #901, #1384 ) ;
#463 = VECTOR ( 'NONE', #1251, 39.37007874015748143 ) ;
#464 = CARTESIAN_POINT ( 'NONE',  ( -0.01181102362204722485, -0.07874015748031495954, -0.1496062992125982427 ) ) ;
#465 = PRODUCT_DEFINITION ( 'UNKNOWN', '', #408, #1262 ) ;
#466 = CARTESIAN_POINT ( 'NONE',  ( -0.002877044215626882277, 0.2748031496062992018, 0.1499091459721385855 ) ) ;
#467 = ORIENTED_EDGE ( 'NONE', *, *, #354, .T. ) ;
#468 = VERTEX_POINT ( 'NONE', #879 ) ;
#469 = CARTESIAN_POINT ( 'NONE',  ( -0.02609529578033515859, 0.2748031496062992018, 0.1801938219261058904 ) ) ;
#470 = DIRECTION ( 'NONE',  ( 0.0000000000000000000, 1.000000000000000000, 1.644517855226014900E-15 ) ) ;
#471 = CARTESIAN_POINT ( 'NONE',  ( 0.004189380173632157624, 0.2755905511811023723, 0.2034120734908141936 ) ) ;
#472 = ADVANCED_FACE ( 'NONE', ( #1362 ), #607, .T. ) ;
#473 = ORIENTED_EDGE ( 'NONE', *, *, #81, .F. ) ;
#474 = PLANE ( 'NONE',  #592 ) ;
#475 = ORIENTED_EDGE ( 'NONE', *, *, #1177, .T. ) ;
#476 =( LENGTH_UNIT ( ) NAMED_UNIT ( * ) SI_UNIT ( $, .METRE. ) );
#477 = LINE ( 'NONE', #1104, #539 ) ;
#478 = LINE ( 'NONE', #494, #438 ) ;
#479 = EDGE_CURVE ( 'NONE', #554, #1074, #166, .T. ) ;
#480 = LENGTH_MEASURE_WITH_UNIT ( LENGTH_MEASURE( 0.02539999999999999897 ), #1464 );
#481 = CARTESIAN_POINT ( 'NONE',  ( 0.0000000000000000000, 0.2362204724409449064, 3.884687846990582928E-16 ) ) ;
#482 = COLOUR_RGB ( '',0.7568627450980391913, 0.7568627450980391913, 0.0000000000000000000 ) ;
#483 = ORIENTED_EDGE ( 'NONE', *, *, #30, .T. ) ;
#484 = AXIS2_PLACEMENT_3D ( 'NONE', #1213, #867, #260 ) ;
#485 = DIRECTION ( 'NONE',  ( 1.000000000000000000, 0.0000000000000000000, 0.0000000000000000000 ) ) ;
#486 = VECTOR ( 'NONE', #775, 39.37007874015748143 ) ;
#487 = DIRECTION ( 'NONE',  ( -1.000000000000000000, 0.0000000000000000000, 0.0000000000000000000 ) ) ;
#488 = AXIS2_PLACEMENT_3D ( 'NONE', #970, #1207, #374 ) ;
#489 = DIRECTION ( 'NONE',  ( 1.000000000000000000, 0.0000000000000000000, -0.0000000000000000000 ) ) ;
#490 = DIRECTION ( 'NONE',  ( 0.0000000000000000000, -1.000000000000000000, -1.644517855226014900E-15 ) ) ;
#491 = VECTOR ( 'NONE', #133, 39.37007874015748143 ) ;
#492 = ORIENTED_EDGE ( 'NONE', *, *, #990, .F. ) ;
#493 = DIRECTION ( 'NONE',  ( -1.000000000000000000, 0.0000000000000000000, 0.0000000000000000000 ) ) ;
#494 = CARTESIAN_POINT ( 'NONE',  ( 0.07480314960629921850, -0.08858267716535432601, 0.2032045338582677274 ) ) ;
#495 = PLANE ( 'NONE',  #1010 ) ;
#496 = ORIENTED_EDGE ( 'NONE', *, *, #359, .F. ) ;
#497 = FACE_OUTER_BOUND ( 'NONE', #839, .T. ) ;
#498 = DIRECTION ( 'NONE',  ( 1.000000000000000000, 0.0000000000000000000, 0.0000000000000000000 ) ) ;
#499 = UNCERTAINTY_MEASURE_WITH_UNIT (LENGTH_MEASURE( 1.000000000000000082E-05 ), #350, 'distance_accuracy_value', 'NONE');
#500 = CARTESIAN_POINT ( 'NONE',  ( 0.03937007874015747977, 0.2748031496062992018, 0.1771653543307086520 ) ) ;
#501 = DIRECTION ( 'NONE',  ( 0.0000000000000000000, -1.644517855226014900E-15, 1.000000000000000000 ) ) ;
#502 = VERTEX_POINT ( 'NONE', #1018 ) ;
#503 = VECTOR ( 'NONE', #207, 39.37007874015748143 ) ;
#504 = DIRECTION ( 'NONE',  ( 0.0000000000000000000, 1.644517855226014900E-15, -1.000000000000000000 ) ) ;
#505 = AXIS2_PLACEMENT_3D ( 'NONE', #340, #1080, #444 ) ;
#506 = ADVANCED_FACE ( 'NONE', ( #760 ), #1005, .F. ) ;
#507 = ORIENTED_EDGE ( 'NONE', *, *, #1156, .F. ) ;
#508 = CIRCLE ( 'NONE', #536, 0.2165354330708661457 ) ;
#509 = PRESENTATION_STYLE_ASSIGNMENT (( #983 ) ) ;
#510 = CARTESIAN_POINT ( 'NONE',  ( -0.2320037515748031576, -0.09842519685039370636, -0.1776532984251972813 ) ) ;
#511 = PRESENTATION_LAYER_ASSIGNMENT (  '', '', ( #967 ) ) ;
#512 = ORIENTED_EDGE ( 'NONE', *, *, #329, .F. ) ;
#513 = DIRECTION ( 'NONE',  ( 0.0000000000000000000, -1.000000000000000000, -1.644517855226014900E-15 ) ) ;
#514 = ADVANCED_FACE ( 'NONE', ( #403 ), #278, .T. ) ;
#515 = ORIENTED_EDGE ( 'NONE', *, *, #5, .F. ) ;
#516 = DIRECTION ( 'NONE',  ( 1.000000000000000000, 0.0000000000000000000, 0.0000000000000000000 ) ) ;
#517 = CARTESIAN_POINT ( 'NONE',  ( 0.02740763173834043220, 0.2748031496062992018, 0.1801938219261058904 ) ) ;
#518 = EDGE_LOOP ( 'NONE', ( #824, #427, #45, #699, #774, #766, #688, #781, #475, #1360, #467, #1255, #654 ) ) ;
#519 = EDGE_CURVE ( 'NONE', #800, #1268, #558, .T. ) ;
#520 = DIRECTION ( 'NONE',  ( -1.000000000000000000, 0.0000000000000000000, 0.0000000000000000000 ) ) ;
#521 = CYLINDRICAL_SURFACE ( 'NONE', #1165, 0.2165354330708661457 ) ;
#522 = ORIENTED_EDGE ( 'NONE', *, *, #44, .T. ) ;
#523 = CARTESIAN_POINT ( 'NONE',  ( -0.002877044215626882277, 0.2748031496062992018, 0.1499091459721385855 ) ) ;
#524 = EDGE_CURVE ( 'NONE', #208, #1154, #693, .T. ) ;
#525 = ORIENTED_EDGE ( 'NONE', *, *, #1406, .F. ) ;
#526 = EDGE_CURVE ( 'NONE', #597, #1186, #821, .T. ) ;
#527 = ORIENTED_EDGE ( 'NONE', *, *, #1335, .T. ) ;
#528 = FACE_OUTER_BOUND ( 'NONE', #341, .T. ) ;
#529 = AXIS2_PLACEMENT_3D ( 'NONE', #1152, #84, #1305 ) ;
#530 = CARTESIAN_POINT ( 'NONE',  ( -0.1385787137018275605, -0.09842519685039370636, -0.1663836947643801134 ) ) ;
#531 = FILL_AREA_STYLE ('',( #1089 ) ) ;
#532 = ORIENTED_EDGE ( 'NONE', *, *, #13, .T. ) ;
#533 = FACE_OUTER_BOUND ( 'NONE', #1367, .T. ) ;
#534 = COLOUR_RGB ( '',0.7568627450980391913, 0.7568627450980391913, 0.0000000000000000000 ) ;
#535 = PLANE ( 'NONE',  #1294 ) ;
#536 = AXIS2_PLACEMENT_3D ( 'NONE', #615, #601, #1440 ) ;
#537 = AXIS2_PLACEMENT_3D ( 'NONE', #370, #470, #951 ) ;
#538 = EDGE_LOOP ( 'NONE', ( #1197, #395, #301, #327 ) ) ;
#539 = VECTOR ( 'NONE', #256, 39.37007874015748143 ) ;
#540 = ORIENTED_EDGE ( 'NONE', *, *, #1288, .F. ) ;
#541 = DIRECTION ( 'NONE',  ( 0.0000000000000000000, -1.000000000000000000, -1.644517855226014900E-15 ) ) ;
#542 = FACE_OUTER_BOUND ( 'NONE', #712, .T. ) ;
#543 =( NAMED_UNIT ( * ) SI_UNIT ( $, .STERADIAN. ) SOLID_ANGLE_UNIT ( ) );
#544 = VERTEX_POINT ( 'NONE', #694 ) ;
#545 = DIRECTION ( 'NONE',  ( -1.000000000000000000, 0.0000000000000000000, 0.0000000000000000000 ) ) ;
#546 =( CONVERSION_BASED_UNIT ( 'INCH', #188 ) LENGTH_UNIT ( ) NAMED_UNIT ( #1192 ) );
#547 = ORIENTED_EDGE ( 'NONE', *, *, #1171, .T. ) ;
#548 = ORIENTED_EDGE ( 'NONE', *, *, #371, .T. ) ;
#549 =( NAMED_UNIT ( * ) SI_UNIT ( $, .STERADIAN. ) SOLID_ANGLE_UNIT ( ) );
#550 = EDGE_CURVE ( 'NONE', #62, #399, #641, .T. ) ;
#551 = PLANE ( 'NONE',  #215 ) ;
#552 = CARTESIAN_POINT ( 'NONE',  ( 2.892866454678789996E-17, -0.07874015746062955345, -0.2362204724409450174 ) ) ;
#553 = DIRECTION ( 'NONE',  ( 0.0000000000000000000, -1.000000000000000000, -1.644517855226014900E-15 ) ) ;
#554 = VERTEX_POINT ( 'NONE', #82 ) ;
#555 = EDGE_LOOP ( 'NONE', ( #1060, #682, #1534, #1378, #646, #869, #239, #909, #1118, #74, #1451, #67 ) ) ;
#556 = DIRECTION ( 'NONE',  ( -0.5000000003998958942, -1.424194239223139839E-15, 0.8660254035535587258 ) ) ;
#557 = DIRECTION ( 'NONE',  ( -1.000000000000000000, 0.0000000000000000000, 0.0000000000000000000 ) ) ;
#558 = LINE ( 'NONE', #89, #102 ) ;
#559 = VECTOR ( 'NONE', #653, 39.37007874015748143 ) ;
#560 = DIRECTION ( 'NONE',  ( -1.000000000000000000, 0.0000000000000000000, 0.0000000000000000000 ) ) ;
#561 = EDGE_CURVE ( 'NONE', #1248, #7, #431, .T. ) ;
#562 = VERTEX_POINT ( 'NONE', #796 ) ;
#563 = AXIS2_PLACEMENT_3D ( 'NONE', #771, #672, #1376 ) ;
#564 = ORIENTED_EDGE ( 'NONE', *, *, #412, .T. ) ;
#565 = AXIS2_PLACEMENT_3D ( 'NONE', #1290, #346, #1159 ) ;
#566 = VECTOR ( 'NONE', #1086, 39.37007874015748143 ) ;
#567 = SURFACE_STYLE_FILL_AREA ( #79 ) ;
#568 = COLOUR_RGB ( '',0.7568627450980391913, 0.7568627450980391913, 0.0000000000000000000 ) ;
#569 = DIRECTION ( 'NONE',  ( 0.0000000000000000000, 1.000000000000000000, 1.644517855226014900E-15 ) ) ;
#570 = CARTESIAN_POINT ( 'NONE',  ( 0.0000000000000000000, 0.2755905511811023723, 0.1771653543307086520 ) ) ;
#571 = DIRECTION ( 'NONE',  ( -4.440892098500625373E-15, -1.590163186312072907E-15, 1.000000000000000000 ) ) ;
#572 = VERTEX_POINT ( 'NONE', #552 ) ;
#573 = ORIENTED_EDGE ( 'NONE', *, *, #433, .T. ) ;
#574 = CARTESIAN_POINT ( 'NONE',  ( -0.02609529578033515859, 0.2748031496062992018, 0.1731273975368468609 ) ) ;
#575 = LINE ( 'NONE', #915, #143 ) ;
#576 = DIRECTION ( 'NONE',  ( 1.000000000000000000, 0.0000000000000000000, 0.0000000000000000000 ) ) ;
#577 = DIMENSIONAL_EXPONENTS ( 1.000000000000000000, 0.0000000000000000000, 0.0000000000000000000, 0.0000000000000000000, 0.0000000000000000000, 0.0000000000000000000, 0.0000000000000000000 ) ;
#578 = ORIENTED_EDGE ( 'NONE', *, *, #1452, .T. ) ;
#579 = EDGE_CURVE ( 'NONE', #1369, #1186, #1167, .T. ) ;
#580 = ORIENTED_EDGE ( 'NONE', *, *, #295, .F. ) ;
#581 = ADVANCED_FACE ( 'NONE', ( #1150 ), #205, .T. ) ;
#582 = PRODUCT_CONTEXT ( 'NONE', #66, 'mechanical' ) ;
#583 = DIRECTION ( 'NONE',  ( 0.0000000000000000000, 1.000000000000000000, 1.644517855226014900E-15 ) ) ;
#584 = DIRECTION ( 'NONE',  ( 1.000000000000000000, 0.0000000000000000000, 0.0000000000000000000 ) ) ;
#585 = CARTESIAN_POINT ( 'NONE',  ( -0.2165354330708661457, 0.2165354330708661457, 3.560963859741366410E-16 ) ) ;
#586 = AXIS2_PLACEMENT_3D ( 'NONE', #984, #275, #882 ) ;
#587 = VERTEX_POINT ( 'NONE', #1061 ) ;
#588 = ORIENTED_EDGE ( 'NONE', *, *, #1279, .T. ) ;
#589 = VECTOR ( 'NONE', #603, 39.37007874015748143 ) ;
#590 = EDGE_CURVE ( 'NONE', #115, #1313, #1281, .T. ) ;
#591 = AXIS2_PLACEMENT_3D ( 'NONE', #834, #1455, #851 ) ;
#592 = AXIS2_PLACEMENT_3D ( 'NONE', #921, #556, #837 ) ;
#593 = CARTESIAN_POINT ( 'NONE',  ( 0.07480314961700787468, -0.07874015748031495954, -1.294895948996860154E-16 ) ) ;
#594 = AXIS2_PLACEMENT_3D ( 'NONE', #1340, #265, #1204 ) ;
#595 = ORIENTED_EDGE ( 'NONE', *, *, #257, .F. ) ;
#596 = CARTESIAN_POINT ( 'NONE',  ( -0.01181102362204722485, -0.2755905511811023723, 0.1496062992125984370 ) ) ;
#597 = VERTEX_POINT ( 'NONE', #464 ) ;
#598 = DIRECTION ( 'NONE',  ( 0.0000000000000000000, 0.0000000000000000000, 1.000000000000000000 ) ) ;
#599 = FACE_OUTER_BOUND ( 'NONE', #651, .T. ) ;
#600 = EDGE_CURVE ( 'NONE', #1024, #1474, #945, .T. ) ;
#601 = DIRECTION ( 'NONE',  ( 0.0000000000000000000, -1.000000000000000000, -1.644517855226014900E-15 ) ) ;
#602 = EDGE_CURVE ( 'NONE', #820, #165, #1158, .T. ) ;
#603 = DIRECTION ( 'NONE',  ( 0.0000000000000000000, 1.000000000000000000, 1.644517855226014900E-15 ) ) ;
#604 = CARTESIAN_POINT ( 'NONE',  ( -0.1385787137007873926, -0.08858267716535432601, -0.1663836947637797048 ) ) ;
#605 = VERTEX_POINT ( 'NONE', #923 ) ;
#606 = CARTESIAN_POINT ( 'NONE',  ( 1.832088245875996289E-17, -0.2755905511811023723, 0.1496062992125984370 ) ) ;
#607 = PLANE ( 'NONE',  #1530 ) ;
#608 = DIRECTION ( 'NONE',  ( 0.0000000000000000000, 1.000000000000000000, 1.644517855226014900E-15 ) ) ;
#609 = DIRECTION ( 'NONE',  ( 0.0000000000000000000, -1.000000000000000000, -1.608377782809829973E-15 ) ) ;
#610 = ADVANCED_FACE ( 'NONE', ( #1410 ), #1289, .T. ) ;
#611 = ORIENTED_EDGE ( 'NONE', *, *, #1179, .F. ) ;
#612 = DIRECTION ( 'NONE',  ( 0.0000000000000000000, 1.000000000000000000, 1.608377782809829973E-15 ) ) ;
#613 = AXIS2_PLACEMENT_3D ( 'NONE', #1282, #1434, #1311 ) ;
#614 = VECTOR ( 'NONE', #794, 39.37007874015748143 ) ;
#615 = CARTESIAN_POINT ( 'NONE',  ( 0.0000000000000000000, -0.07874015748031495954, -1.294895948996860154E-16 ) ) ;
#616 = VECTOR ( 'NONE', #622, 39.37007874015748143 ) ;
#617 = ORIENTED_EDGE ( 'NONE', *, *, #230, .F. ) ;
#618 = DIRECTION ( 'NONE',  ( 1.000000000000000000, 0.0000000000000000000, 0.0000000000000000000 ) ) ;
#619 = CARTESIAN_POINT ( 'NONE',  ( 0.01181102362204726301, -0.2755905511811023723, 0.1496062992125985758 ) ) ;
#620 = EDGE_CURVE ( 'NONE', #1248, #1024, #833, .T. ) ;
#621 = ORIENTED_EDGE ( 'NONE', *, *, #1423, .T. ) ;
#622 = DIRECTION ( 'NONE',  ( 0.0000000000000000000, 1.000000000000000000, 1.644517855226014900E-15 ) ) ;
#623 = DIRECTION ( 'NONE',  ( 0.0000000000000000000, 1.000000000000000000, 1.644517855226014900E-15 ) ) ;
#624 = PLANE ( 'NONE',  #484 ) ;
#625 = DIRECTION ( 'NONE',  ( 1.000000000000000000, 0.0000000000000000000, 0.0000000000000000000 ) ) ;
#626 = ORIENTED_EDGE ( 'NONE', *, *, #810, .F. ) ;
#627 = ADVANCED_FACE ( 'NONE', ( #979, #1439 ), #241, .F. ) ;
#628 = SURFACE_SIDE_STYLE ('',( #906 ) ) ;
#629 = VERTEX_POINT ( 'NONE', #126 ) ;
#630 = FILL_AREA_STYLE ('',( #32 ) ) ;
#631 = LINE ( 'NONE', #1113, #184 ) ;
#632 = ORIENTED_EDGE ( 'NONE', *, *, #1539, .F. ) ;
#633 = VECTOR ( 'NONE', #455, 39.37007874015748143 ) ;
#634 = CARTESIAN_POINT ( 'NONE',  ( -0.02609529578033515859, 0.2748031496062992018, 0.1731273975368468609 ) ) ;
#635 = SURFACE_STYLE_USAGE ( .BOTH. , #160 ) ;
#636 = ADVANCED_FACE ( 'NONE', ( #723 ), #233, .T. ) ;
#637 = ORIENTED_EDGE ( 'NONE', *, *, #44, .F. ) ;
#638 = COLOUR_RGB ( '',0.7568627450980391913, 0.7568627450980391913, 0.0000000000000000000 ) ;
#639 = CARTESIAN_POINT ( 'NONE',  ( 0.1566433950036938971, -0.09842519685039370636, -0.1768133433879596483 ) ) ;
#640 = CARTESIAN_POINT ( 'NONE',  ( -0.1566433950762874394, 0.08858267716535432601, -0.1768133433290521861 ) ) ;
#641 = CIRCLE ( 'NONE', #1273, 0.03937007874015747977 ) ;
#642 = EDGE_LOOP ( 'NONE', ( #57, #262 ) ) ;
#643 = CARTESIAN_POINT ( 'NONE',  ( 0.0000000000000000000, -0.07874015748031495954, -1.294895948996860154E-16 ) ) ;
#644 = LENGTH_MEASURE_WITH_UNIT ( LENGTH_MEASURE( 0.02539999999999999897 ), #998 );
#645 = EDGE_CURVE ( 'NONE', #502, #1127, #1021, .T. ) ;
#646 = ORIENTED_EDGE ( 'NONE', *, *, #1471, .T. ) ;
#647 =( LENGTH_UNIT ( ) NAMED_UNIT ( * ) SI_UNIT ( $, .METRE. ) );
#648 = SURFACE_SIDE_STYLE ('',( #1120 ) ) ;
#649 = EDGE_CURVE ( 'NONE', #572, #14, #477, .T. ) ;
#650 = VERTEX_POINT ( 'NONE', #1318 ) ;
#651 = EDGE_LOOP ( 'NONE', ( #971, #926, #1383, #95 ) ) ;
#652 = DIRECTION ( 'NONE',  ( 0.0000000000000000000, -1.000000000000000000, -1.644517855226014900E-15 ) ) ;
#653 = DIRECTION ( 'NONE',  ( 0.0000000000000000000, 1.000000000000000000, 1.644517855226014900E-15 ) ) ;
#654 = ORIENTED_EDGE ( 'NONE', *, *, #856, .T. ) ;
#655 =( NAMED_UNIT ( * ) SI_UNIT ( $, .STERADIAN. ) SOLID_ANGLE_UNIT ( ) );
#656 = ORIENTED_EDGE ( 'NONE', *, *, #1123, .T. ) ;
#657 = ORIENTED_EDGE ( 'NONE', *, *, #189, .T. ) ;
#658 = DIRECTION ( 'NONE',  ( 1.000000000000000000, 0.0000000000000000000, 0.0000000000000000000 ) ) ;
#659 = CARTESIAN_POINT ( 'NONE',  ( 0.01181102362204726301, -0.2362204724409449064, -0.1496062992125982427 ) ) ;
#660 = ORIENTED_EDGE ( 'NONE', *, *, #68, .T. ) ;
#661 = CARTESIAN_POINT ( 'NONE',  ( 0.01181102362204726301, -0.07874015748031495954, 0.1496062992125985758 ) ) ;
#662 = CARTESIAN_POINT ( 'NONE',  ( 0.004189380173632157624, 0.2748031496062992018, 0.1731273975368468609 ) ) ;
#663 = AXIS2_PLACEMENT_3D ( 'NONE', #952, #1341, #844 ) ;
#664 = VECTOR ( 'NONE', #328, 39.37007874015748143 ) ;
#665 = ORIENTED_EDGE ( 'NONE', *, *, #28, .F. ) ;
#666 = EDGE_CURVE ( 'NONE', #668, #14, #1430, .T. ) ;
#667 = MECHANICAL_DESIGN_GEOMETRIC_PRESENTATION_REPRESENTATION (  '', ( #1327 ), #944 ) ;
#668 = VERTEX_POINT ( 'NONE', #1082 ) ;
#669 = FACE_OUTER_BOUND ( 'NONE', #1249, .T. ) ;
#670 = DIRECTION ( 'NONE',  ( 0.0000000000000000000, 1.644517855226014900E-15, -1.000000000000000000 ) ) ;
#671 = DIRECTION ( 'NONE',  ( -1.000000000000000000, 0.0000000000000000000, 0.0000000000000000000 ) ) ;
#672 = DIRECTION ( 'NONE',  ( 0.0000000000000000000, -1.000000000000000000, -1.644517855226014900E-15 ) ) ;
#673 = ORIENTED_EDGE ( 'NONE', *, *, #211, .F. ) ;
#674 = ORIENTED_EDGE ( 'NONE', *, *, #1065, .T. ) ;
#675 = LINE ( 'NONE', #596, #100 ) ;
#676 = CARTESIAN_POINT ( 'NONE',  ( 0.1566433949623435296, -0.07874015746062973387, -0.1768133434245929281 ) ) ;
#677 = ADVANCED_FACE ( 'NONE', ( #497 ), #356, .T. ) ;
#678 = CARTESIAN_POINT ( 'NONE',  ( 0.02740763173834043220, 0.2755905511811023723, 0.1801938219261058904 ) ) ;
#679 = LINE ( 'NONE', #103, #1449 ) ;
#680 = LINE ( 'NONE', #585, #633 ) ;
#681 = ORIENTED_EDGE ( 'NONE', *, *, #28, .T. ) ;
#682 = ORIENTED_EDGE ( 'NONE', *, *, #1156, .T. ) ;
#683 = LINE ( 'NONE', #1195, #1551 ) ;
#684 = DIRECTION ( 'NONE',  ( 0.0000000000000000000, 1.000000000000000000, 1.644517855226014900E-15 ) ) ;
#685 = DIRECTION ( 'NONE',  ( 0.0000000000000000000, -1.000000000000000000, -1.644517855226014900E-15 ) ) ;
#686 = CIRCLE ( 'NONE', #734, 0.04330708661417323468 ) ;
#687 = DIRECTION ( 'NONE',  ( 0.0000000000000000000, 1.000000000000000000, 1.608377782809829973E-15 ) ) ;
#688 = ORIENTED_EDGE ( 'NONE', *, *, #1052, .T. ) ;
#689 =( GEOMETRIC_REPRESENTATION_CONTEXT ( 3 ) GLOBAL_UNCERTAINTY_ASSIGNED_CONTEXT ( ( #499 ) ) GLOBAL_UNIT_ASSIGNED_CONTEXT ( ( #350, #232, #705 ) ) REPRESENTATION_CONTEXT ( 'NONE', 'WORKASPACE' ) );
#690 = VECTOR ( 'NONE', #1319, 39.37007874015748143 ) ;
#691 = CIRCLE ( 'NONE', #739, 0.2165354330708661457 ) ;
#692 = ORIENTED_EDGE ( 'NONE', *, *, #240, .T. ) ;
#693 = CIRCLE ( 'NONE', #791, 0.04330708661417323468 ) ;
#694 = CARTESIAN_POINT ( 'NONE',  ( -0.2314465446168480212, -0.07874015746062992815, -0.04725048767097032171 ) ) ;
#695 = ADVANCED_FACE ( 'NONE', ( #599 ), #1454, .F. ) ;
#696 = CYLINDRICAL_SURFACE ( 'NONE', #784, 0.04330708661417323468 ) ;
#697 = CARTESIAN_POINT ( 'NONE',  ( 0.0000000000000000000, -0.09842519685039370636, -1.618619936246076672E-16 ) ) ;
#698 = EDGE_CURVE ( 'NONE', #368, #1354, #22, .T. ) ;
#699 = ORIENTED_EDGE ( 'NONE', *, *, #1415, .T. ) ;
#700 =( LENGTH_UNIT ( ) NAMED_UNIT ( * ) SI_UNIT ( $, .METRE. ) );
#701 = FACE_BOUND ( 'NONE', #1208, .T. ) ;
#702 = DIRECTION ( 'NONE',  ( 0.0000000000000000000, -1.000000000000000000, -1.644517855226014900E-15 ) ) ;
#703 = ORIENTED_EDGE ( 'NONE', *, *, #1139, .T. ) ;
#704 = PRODUCT ( 'CUI_DEVICES_CMI-1210-5-95T', 'CUI_DEVICES_CMI-1210-5-95T', '', ( #582 ) ) ;
#705 =( NAMED_UNIT ( * ) SI_UNIT ( $, .STERADIAN. ) SOLID_ANGLE_UNIT ( ) );
#706 =( NAMED_UNIT ( * ) SI_UNIT ( $, .STERADIAN. ) SOLID_ANGLE_UNIT ( ) );
#707 = AXIS2_PLACEMENT_3D ( 'NONE', #510, #860, #378 ) ;
#708 = DIRECTION ( 'NONE',  ( 1.000000000000000000, 0.0000000000000000000, 0.0000000000000000000 ) ) ;
#709 = CIRCLE ( 'NONE', #959, 0.2362204724409449064 ) ;
#710 = ORIENTED_EDGE ( 'NONE', *, *, #257, .T. ) ;
#711 = CARTESIAN_POINT ( 'NONE',  ( 0.0000000000000000000, 0.2748031496062992018, 0.1771653543307086520 ) ) ;
#712 = EDGE_LOOP ( 'NONE', ( #681, #1071 ) ) ;
#713 = FILL_AREA_STYLE_COLOUR ( '', #69 ) ;
#714 = MECHANICAL_DESIGN_GEOMETRIC_PRESENTATION_REPRESENTATION (  '', ( #319 ), #963 ) ;
#715 =( GEOMETRIC_REPRESENTATION_CONTEXT ( 3 ) GLOBAL_UNCERTAINTY_ASSIGNED_CONTEXT ( ( #391 ) ) GLOBAL_UNIT_ASSIGNED_CONTEXT ( ( #1416, #1269, #549 ) ) REPRESENTATION_CONTEXT ( 'NONE', 'WORKASPACE' ) );
#716 = EDGE_CURVE ( 'NONE', #48, #1437, #1275, .T. ) ;
#717 = AXIS2_PLACEMENT_3D ( 'NONE', #973, #1076, #1460 ) ;
#718 = CARTESIAN_POINT ( 'NONE',  ( 0.2314465446062992371, -0.07874015748031495954, -0.04725048771653551222 ) ) ;
#719 = ORIENTED_EDGE ( 'NONE', *, *, #394, .F. ) ;
#720 = FACE_OUTER_BOUND ( 'NONE', #538, .T. ) ;
#721 = CARTESIAN_POINT ( 'NONE',  ( 0.2133818635048819190, -0.07874015748031495954, -0.03682083892724417190 ) ) ;
#722 = ORIENTED_EDGE ( 'NONE', *, *, #1059, .F. ) ;
#723 = FACE_OUTER_BOUND ( 'NONE', #358, .T. ) ;
#724 = EDGE_CURVE ( 'NONE', #1026, #271, #9, .T. ) ;
#725 = DIRECTION ( 'NONE',  ( -0.8660254035535585038, -8.222589282706418369E-16, 0.5000000003998957832 ) ) ;
#726 = CARTESIAN_POINT ( 'NONE',  ( 0.0000000000000000000, 0.2362204724409449064, 3.884687846990582928E-16 ) ) ;
#727 = EDGE_LOOP ( 'NONE', ( #52, #276, #578, #512 ) ) ;
#728 = DIRECTION ( 'NONE',  ( 0.0000000000000000000, 1.000000000000000000, 1.644517855226014900E-15 ) ) ;
#729 = FACE_BOUND ( 'NONE', #1379, .T. ) ;
#730 = ADVANCED_FACE ( 'NONE', ( #4 ), #1219, .F. ) ;
#731 = VECTOR ( 'NONE', #12, 39.37007874015748143 ) ;
#732 = LINE ( 'NONE', #1106, #961 ) ;
#733 = FACE_OUTER_BOUND ( 'NONE', #1375, .T. ) ;
#734 = AXIS2_PLACEMENT_3D ( 'NONE', #894, #1009, #1039 ) ;
#735 = EDGE_LOOP ( 'NONE', ( #892, #1420, #1357, #21 ) ) ;
#736 = AXIS2_PLACEMENT_3D ( 'NONE', #1125, #198, #64 ) ;
#737 = CARTESIAN_POINT ( 'NONE',  ( 0.1385787136104261741, -0.08858267716535432601, -0.1663836948419737949 ) ) ;
#738 =( GEOMETRIC_REPRESENTATION_CONTEXT ( 3 ) GLOBAL_UNCERTAINTY_ASSIGNED_CONTEXT ( ( #786 ) ) GLOBAL_UNIT_ASSIGNED_CONTEXT ( ( #1301, #1309, #226 ) ) REPRESENTATION_CONTEXT ( 'NONE', 'WORKASPACE' ) );
#739 = AXIS2_PLACEMENT_3D ( 'NONE', #751, #541, #401 ) ;
#740 = CARTESIAN_POINT ( 'NONE',  ( 0.004189380173632157624, 0.2748031496062992018, 0.1801938219261058904 ) ) ;
#741 = AXIS2_PLACEMENT_3D ( 'NONE', #826, #685, #337 ) ;
#742 = ADVANCED_FACE ( 'NONE', ( #17 ), #849, .T. ) ;
#743 = LINE ( 'NONE', #1321, #589 ) ;
#744 = LINE ( 'NONE', #33, #1371 ) ;
#745 = EDGE_CURVE ( 'NONE', #1133, #831, #283, .T. ) ;
#746 = EDGE_LOOP ( 'NONE', ( #637, #673, #1458, #282 ) ) ;
#747 = PLANE ( 'NONE',  #1323 ) ;
#748 = CARTESIAN_POINT ( 'NONE',  ( 0.0000000000000000000, 0.2755905511811023723, 0.1771653543307086520 ) ) ;
#749 = DIRECTION ( 'NONE',  ( 0.0000000000000000000, -1.000000000000000000, -1.644517855226014900E-15 ) ) ;
#750 = EDGE_LOOP ( 'NONE', ( #1407, #1148 ) ) ;
#751 = CARTESIAN_POINT ( 'NONE',  ( 0.0000000000000000000, -0.09842519685039370636, -1.618619936246076672E-16 ) ) ;
#752 = FILL_AREA_STYLE_COLOUR ( '', #1049 ) ;
#753 = ORIENTED_EDGE ( 'NONE', *, *, #974, .F. ) ;
#754 = FACE_OUTER_BOUND ( 'NONE', #1517, .T. ) ;
#755 = DIRECTION ( 'NONE',  ( 0.0000000000000000000, -1.000000000000000000, -1.644517855226014900E-15 ) ) ;
#756 = ORIENTED_EDGE ( 'NONE', *, *, #189, .F. ) ;
#757 = AXIS2_PLACEMENT_3D ( 'NONE', #60, #1519, #1409 ) ;
#758 = EDGE_CURVE ( 'NONE', #1313, #1540, #1141, .T. ) ;
#759 = CARTESIAN_POINT ( 'NONE',  ( 0.2314465445663063115, -0.09842519685039370636, -0.04725048770053212610 ) ) ;
#760 = FACE_OUTER_BOUND ( 'NONE', #400, .T. ) ;
#761 = AXIS2_PLACEMENT_3D ( 'NONE', #1222, #489, #608 ) ;
#762 = AXIS2_PLACEMENT_3D ( 'NONE', #1110, #36, #286 ) ;
#763 = SURFACE_STYLE_USAGE ( .BOTH. , #1358 ) ;
#764 = CARTESIAN_POINT ( 'NONE',  ( 1.832088245875996289E-17, -0.07874015748031495954, 0.1496062992125984370 ) ) ;
#765 = ORIENTED_EDGE ( 'NONE', *, *, #135, .F. ) ;
#766 = ORIENTED_EDGE ( 'NONE', *, *, #202, .T. ) ;
#767 = DIRECTION ( 'NONE',  ( 0.0000000000000000000, -1.644517855226014900E-15, 1.000000000000000000 ) ) ;
#768 = CARTESIAN_POINT ( 'NONE',  ( 0.02740763173834043220, 0.2748031496062992018, 0.1731273975368468609 ) ) ;
#769 =( CONVERSION_BASED_UNIT ( 'INCH', #304 ) LENGTH_UNIT ( ) NAMED_UNIT ( #263 ) );
#770 = EDGE_LOOP ( 'NONE', ( #114, #626, #1346, #876 ) ) ;
#771 = CARTESIAN_POINT ( 'NONE',  ( 0.0000000000000000000, -0.07874015748031495954, -1.294895948996860154E-16 ) ) ;
#772 = CYLINDRICAL_SURFACE ( 'NONE', #529, 0.01181102362204724393 ) ;
#773 = ORIENTED_EDGE ( 'NONE', *, *, #801, .F. ) ;
#774 = ORIENTED_EDGE ( 'NONE', *, *, #990, .T. ) ;
#775 = DIRECTION ( 'NONE',  ( 0.0000000000000000000, -1.644517855226014900E-15, 1.000000000000000000 ) ) ;
#776 = DIRECTION ( 'NONE',  ( -1.000000000000000000, 0.0000000000000000000, 0.0000000000000000000 ) ) ;
#777 = DIRECTION ( 'NONE',  ( -1.000000000000000000, 0.0000000000000000000, 0.0000000000000000000 ) ) ;
#778 = ADVANCED_FACE ( 'NONE', ( #528 ), #277, .T. ) ;
#779 = ORIENTED_EDGE ( 'NONE', *, *, #1224, .T. ) ;
#780 = CARTESIAN_POINT ( 'NONE',  ( 0.0000000000000000000, 0.2748031496062992018, 0.1771653543307086520 ) ) ;
#781 = ORIENTED_EDGE ( 'NONE', *, *, #1288, .T. ) ;
#782 = ORIENTED_EDGE ( 'NONE', *, *, #974, .T. ) ;
#783 = PLANE ( 'NONE',  #1450 ) ;
#784 = AXIS2_PLACEMENT_3D ( 'NONE', #823, #109, #443 ) ;
#785 = FACE_OUTER_BOUND ( 'NONE', #129, .T. ) ;
#786 = UNCERTAINTY_MEASURE_WITH_UNIT (LENGTH_MEASURE( 1.000000000000000082E-05 ), #1301, 'distance_accuracy_value', 'NONE');
#787 =( GEOMETRIC_REPRESENTATION_CONTEXT ( 3 ) GLOBAL_UNCERTAINTY_ASSIGNED_CONTEXT ( ( #423 ) ) GLOBAL_UNIT_ASSIGNED_CONTEXT ( ( #39, #366, #1344 ) ) REPRESENTATION_CONTEXT ( 'NONE', 'WORKASPACE' ) );
#788 = FILL_AREA_STYLE ('',( #76 ) ) ;
#789 = VECTOR ( 'NONE', #1494, 39.37007874015748143 ) ;
#790 = ORIENTED_EDGE ( 'NONE', *, *, #1477, .T. ) ;
#791 = AXIS2_PLACEMENT_3D ( 'NONE', #1295, #569, #227 ) ;
#792 = EDGE_CURVE ( 'NONE', #1369, #1300, #194, .T. ) ;
#793 = ORIENTED_EDGE ( 'NONE', *, *, #354, .F. ) ;
#794 = DIRECTION ( 'NONE',  ( 0.0000000000000000000, 1.000000000000000000, 1.644517855226014900E-15 ) ) ;
#795 = CARTESIAN_POINT ( 'NONE',  ( 0.004189380173632157624, 0.2748031496062992018, 0.1801938219261058904 ) ) ;
#796 = CARTESIAN_POINT ( 'NONE',  ( 0.004189380173632157624, 0.2748031496062992018, 0.2034120734908141936 ) ) ;
#797 = DIRECTION ( 'NONE',  ( -1.000000000000000000, 0.0000000000000000000, 0.0000000000000000000 ) ) ;
#798 = DIRECTION ( 'NONE',  ( 1.000000000000000000, 0.0000000000000000000, 0.0000000000000000000 ) ) ;
#799 = ORIENTED_EDGE ( 'NONE', *, *, #1539, .T. ) ;
#800 = VERTEX_POINT ( 'NONE', #396 ) ;
#801 = EDGE_CURVE ( 'NONE', #271, #831, #691, .T. ) ;
#802 =( LENGTH_UNIT ( ) NAMED_UNIT ( * ) SI_UNIT ( $, .METRE. ) );
#803 = FACE_OUTER_BOUND ( 'NONE', #1514, .T. ) ;
#804 = PRESENTATION_STYLE_ASSIGNMENT (( #197 ) ) ;
#805 = FACE_BOUND ( 'NONE', #316, .T. ) ;
#806 = AXIS2_PLACEMENT_3D ( 'NONE', #1088, #381, #1310 ) ;
#807 = DIRECTION ( 'NONE',  ( 0.8660254035535569495, 8.222589282706480492E-16, -0.5000000003998990028 ) ) ;
#808 = ORIENTED_EDGE ( 'NONE', *, *, #211, .T. ) ;
#809 = CARTESIAN_POINT ( 'NONE',  ( 0.02740763173834039404, 0.2755905511811023723, 0.1801938219261058904 ) ) ;
#810 = EDGE_CURVE ( 'NONE', #1516, #587, #1234, .T. ) ;
#811 = DIRECTION ( 'NONE',  ( 1.000000000000000000, 0.0000000000000000000, 0.0000000000000000000 ) ) ;
#812 = DIRECTION ( 'NONE',  ( -1.000000000000000000, 0.0000000000000000000, 0.0000000000000000000 ) ) ;
#813 = AXIS2_PLACEMENT_3D ( 'NONE', #1550, #708, #1048 ) ;
#814 = EDGE_CURVE ( 'NONE', #1186, #597, #244, .T. ) ;
#815 = ORIENTED_EDGE ( 'NONE', *, *, #1084, .F. ) ;
#816 = CARTESIAN_POINT ( 'NONE',  ( -0.1566433950418378018, -0.09842519685039370636, -0.1768133433595724391 ) ) ;
#817 = ORIENTED_EDGE ( 'NONE', *, *, #1128, .F. ) ;
#818 = CIRCLE ( 'NONE', #121, 0.03937007874015747977 ) ;
#819 = VECTOR ( 'NONE', #414, 39.37007874015748143 ) ;
#820 = VERTEX_POINT ( 'NONE', #59 ) ;
#821 = CIRCLE ( 'NONE', #741, 0.01181102362204724393 ) ;
#822 = CARTESIAN_POINT ( 'NONE',  ( -0.002877044215626882277, 0.2748031496062992018, 0.1731273975368468609 ) ) ;
#823 = CARTESIAN_POINT ( 'NONE',  ( 0.0000000000000000000, 0.2748031496062992018, 0.1771653543307086520 ) ) ;
#824 = ORIENTED_EDGE ( 'NONE', *, *, #698, .T. ) ;
#825 = EDGE_LOOP ( 'NONE', ( #1525, #318, #375, #1163 ) ) ;
#826 = CARTESIAN_POINT ( 'NONE',  ( 1.832088245875996289E-17, -0.07874015748031495954, -0.1496062992125984370 ) ) ;
#827 = DIRECTION ( 'NONE',  ( 0.0000000000000000000, 1.000000000000000000, 1.644517855226014900E-15 ) ) ;
#828 = FACE_OUTER_BOUND ( 'NONE', #746, .T. ) ;
#829 = DIRECTION ( 'NONE',  ( 0.8660254035535569495, -8.222589282706480492E-16, 0.5000000003998990028 ) ) ;
#830 = EDGE_CURVE ( 'NONE', #1074, #554, #268, .T. ) ;
#831 = VERTEX_POINT ( 'NONE', #158 ) ;
#832 = APPLICATION_PROTOCOL_DEFINITION ( 'draft international standard', 'automotive_design', 1998, #1389 ) ;
#833 = LINE ( 'NONE', #966, #616 ) ;
#834 = CARTESIAN_POINT ( 'NONE',  ( -0.2390551181102362199, -0.07874015748031495954, -0.2390551181102362199 ) ) ;
#835 = VECTOR ( 'NONE', #684, 39.37007874015748143 ) ;
#836 = CARTESIAN_POINT ( 'NONE',  ( -0.07480314961165354659, -0.07874015748031495954, 0.2032045338607370299 ) ) ;
#837 = DIRECTION ( 'NONE',  ( -0.8660254035535585038, 8.222589282706418369E-16, -0.5000000003998957832 ) ) ;
#838 = PRESENTATION_LAYER_ASSIGNMENT (  '', '', ( #459 ) ) ;
#839 = EDGE_LOOP ( 'NONE', ( #719, #180, #1087, #1108 ) ) ;
#840 =( GEOMETRIC_REPRESENTATION_CONTEXT ( 3 ) GLOBAL_UNCERTAINTY_ASSIGNED_CONTEXT ( ( #24 ) ) GLOBAL_UNIT_ASSIGNED_CONTEXT ( ( #307, #1134, #655 ) ) REPRESENTATION_CONTEXT ( 'NONE', 'WORKASPACE' ) );
#841 = EDGE_CURVE ( 'NONE', #1300, #1369, #1073, .T. ) ;
#842 = COLOUR_RGB ( '',0.2509803921568627416, 0.2509803921568627416, 0.2509803921568627416 ) ;
#843 = DIRECTION ( 'NONE',  ( 0.0000000000000000000, -1.590163186312072907E-15, 1.000000000000000000 ) ) ;
#844 = DIRECTION ( 'NONE',  ( -1.776356839400249873E-15, -1.590163186312072907E-15, 1.000000000000000000 ) ) ;
#845 = CARTESIAN_POINT ( 'NONE',  ( -0.02609529578033515859, 0.2755905511811023723, 0.1731273975368468609 ) ) ;
#846 = CARTESIAN_POINT ( 'NONE',  ( 0.004189380173632157624, 0.2748031496062992018, 0.1731273975368468609 ) ) ;
#847 = EDGE_LOOP ( 'NONE', ( #617, #255, #903, #1387 ) ) ;
#848 = EDGE_CURVE ( 'NONE', #949, #115, #390, .T. ) ;
#849 = CYLINDRICAL_SURFACE ( 'NONE', #537, 0.03937007874015747977 ) ;
#850 = EDGE_CURVE ( 'NONE', #1354, #107, #221, .T. ) ;
#851 = DIRECTION ( 'NONE',  ( 1.000000000000000000, 0.0000000000000000000, 0.0000000000000000000 ) ) ;
#852 = DIRECTION ( 'NONE',  ( 0.0000000000000000000, 1.000000000000000000, 1.644517855226014900E-15 ) ) ;
#853 = DIRECTION ( 'NONE',  ( 1.000000000000000000, 0.0000000000000000000, 0.0000000000000000000 ) ) ;
#854 = EDGE_LOOP ( 'NONE', ( #884, #377, #192, #660 ) ) ;
#855 = CARTESIAN_POINT ( 'NONE',  ( 0.1380215066929133816, -0.09842519685039370636, -0.1776532984251972813 ) ) ;
#856 = EDGE_CURVE ( 'NONE', #1058, #368, #1348, .T. ) ;
#857 = LINE ( 'NONE', #1078, #385 ) ;
#858 = EDGE_CURVE ( 'NONE', #7, #562, #1482, .T. ) ;
#859 = CARTESIAN_POINT ( 'NONE',  ( -0.2133818632980889751, -0.09842519685039370636, -0.03682083908092311647 ) ) ;
#860 = DIRECTION ( 'NONE',  ( 0.0000000000000000000, -1.000000000000000000, -1.644517855226014900E-15 ) ) ;
#861 = AXIS2_PLACEMENT_3D ( 'NONE', #764, #917, #798 ) ;
#862 = ORIENTED_EDGE ( 'NONE', *, *, #830, .T. ) ;
#863 = AXIS2_PLACEMENT_3D ( 'NONE', #425, #1151, #1238 ) ;
#864 = DIRECTION ( 'NONE',  ( 0.0000000000000000000, 1.000000000000000000, 1.644517855226014900E-15 ) ) ;
#865 = VECTOR ( 'NONE', #487, 39.37007874015748143 ) ;
#866 = PLANE ( 'NONE',  #591 ) ;
#867 = DIRECTION ( 'NONE',  ( 0.0000000000000000000, -1.644517855226014900E-15, 1.000000000000000000 ) ) ;
#868 = LINE ( 'NONE', #640, #731 ) ;
#869 = ORIENTED_EDGE ( 'NONE', *, *, #230, .T. ) ;
#870 = DIRECTION ( 'NONE',  ( 0.0000000000000000000, 1.000000000000000000, 1.644517855226014900E-15 ) ) ;
#871 = DIRECTION ( 'NONE',  ( 0.0000000000000000000, 1.000000000000000000, 1.644517855226014900E-15 ) ) ;
#872 = ORIENTED_EDGE ( 'NONE', *, *, #1471, .F. ) ;
#873 = FACE_OUTER_BOUND ( 'NONE', #895, .T. ) ;
#874 = DIRECTION ( 'NONE',  ( 0.0000000000000000000, -1.000000000000000000, -1.644517855226014900E-15 ) ) ;
#875 = EDGE_CURVE ( 'NONE', #1489, #605, #320, .T. ) ;
#876 = ORIENTED_EDGE ( 'NONE', *, *, #620, .T. ) ;
#877 = EDGE_CURVE ( 'NONE', #949, #161, #1490, .T. ) ;
#878 = CARTESIAN_POINT ( 'NONE',  ( 0.0000000000000000000, 0.2362204724409449064, 3.884687846990582928E-16 ) ) ;
#879 = CARTESIAN_POINT ( 'NONE',  ( -0.2165354330708661457, 0.2362204724409449064, 3.884687846990582928E-16 ) ) ;
#880 = VERTEX_POINT ( 'NONE', #897 ) ;
#881 = CARTESIAN_POINT ( 'NONE',  ( -0.002877044215626882277, 0.2748031496062992018, 0.1731273975368468609 ) ) ;
#882 = DIRECTION ( 'NONE',  ( 0.0000000000000000000, -1.590163186312072907E-15, 1.000000000000000000 ) ) ;
#883 = VECTOR ( 'NONE', #145, 39.37007874015748143 ) ;
#884 = ORIENTED_EDGE ( 'NONE', *, *, #191, .F. ) ;
#885 = AXIS2_PLACEMENT_3D ( 'NONE', #1057, #1435, #576 ) ;
#886 = EDGE_LOOP ( 'NONE', ( #808, #247 ) ) ;
#887 = CARTESIAN_POINT ( 'NONE',  ( -0.02609529578033515859, 0.2748031496062992018, 0.1731273975368468609 ) ) ;
#888 = EDGE_CURVE ( 'NONE', #587, #1024, #1372, .T. ) ;
#889 = LINE ( 'NONE', #1044, #1090 ) ;
#890 = VECTOR ( 'NONE', #829, 39.37007874015748143 ) ;
#891 = SURFACE_STYLE_FILL_AREA ( #1236 ) ;
#892 = ORIENTED_EDGE ( 'NONE', *, *, #1091, .F. ) ;
#893 = VECTOR ( 'NONE', #812, 39.37007874015748143 ) ;
#894 = CARTESIAN_POINT ( 'NONE',  ( 0.0000000000000000000, 0.2748031496062992018, 0.1771653543307086520 ) ) ;
#895 = EDGE_LOOP ( 'NONE', ( #1258, #547, #413, #1153 ) ) ;
#896 = ORIENTED_EDGE ( 'NONE', *, *, #1326, .T. ) ;
#897 = CARTESIAN_POINT ( 'NONE',  ( -0.04527559055118110520, 0.2755905511811023723, 4.532135821489015470E-16 ) ) ;
#898 = EDGE_CURVE ( 'NONE', #605, #309, #1260, .T. ) ;
#899 = LINE ( 'NONE', #415, #559 ) ;
#900 = EDGE_LOOP ( 'NONE', ( #392, #225, #756, #349, #611, #417, #154, #1508, #595, #525, #1263, #231 ) ) ;
#901 = DIRECTION ( 'NONE',  ( 0.0000000000000000000, -1.000000000000000000, -1.644517855226014900E-15 ) ) ;
#902 = CARTESIAN_POINT ( 'NONE',  ( 0.0000000000000000000, -0.09842519685039408106, 0.2362204724409447121 ) ) ;
#903 = ORIENTED_EDGE ( 'NONE', *, *, #972, .T. ) ;
#904 = ORIENTED_EDGE ( 'NONE', *, *, #251, .F. ) ;
#905 = CARTESIAN_POINT ( 'NONE',  ( 0.004189380173632157624, 0.2755905511811023723, 0.1801938219261058904 ) ) ;
#906 = SURFACE_STYLE_FILL_AREA ( #531 ) ;
#907 = EDGE_CURVE ( 'NONE', #1194, #831, #1349, .T. ) ;
#908 = ORIENTED_EDGE ( 'NONE', *, *, #1423, .F. ) ;
#909 = ORIENTED_EDGE ( 'NONE', *, *, #758, .T. ) ;
#910 = FACE_OUTER_BOUND ( 'NONE', #943, .T. ) ;
#911 =( GEOMETRIC_REPRESENTATION_CONTEXT ( 3 ) GLOBAL_UNCERTAINTY_ASSIGNED_CONTEXT ( ( #1006 ) ) GLOBAL_UNIT_ASSIGNED_CONTEXT ( ( #546, #1392, #1135 ) ) REPRESENTATION_CONTEXT ( 'NONE', 'WORKASPACE' ) );
#912 = DIRECTION ( 'NONE',  ( 0.8660254035535585038, -8.222589282706416397E-16, 0.5000000003998957832 ) ) ;
#913 = DIRECTION ( 'NONE',  ( 0.0000000000000000000, -1.644517855226014900E-15, 1.000000000000000000 ) ) ;
#914 = AXIS2_PLACEMENT_3D ( 'NONE', #935, #598, #811 ) ;
#915 = CARTESIAN_POINT ( 'NONE',  ( -0.002877044215626882277, 0.2755905511811023723, 0.1499091459721385855 ) ) ;
#916 = AXIS2_PLACEMENT_3D ( 'NONE', #748, #155, #418 ) ;
#917 = DIRECTION ( 'NONE',  ( 0.0000000000000000000, -1.000000000000000000, -1.644517855226014900E-15 ) ) ;
#918 = ORIENTED_EDGE ( 'NONE', *, *, #526, .F. ) ;
#919 = AXIS2_PLACEMENT_3D ( 'NONE', #1037, #930, #1400 ) ;
#920 = ORIENTED_EDGE ( 'NONE', *, *, #1123, .F. ) ;
#921 = CARTESIAN_POINT ( 'NONE',  ( -0.2133818633070866388, -0.07874015748031495954, -0.03682083909448834874 ) ) ;
#922 = DIRECTION ( 'NONE',  ( 0.0000000000000000000, 1.000000000000000000, 1.644517855226014900E-15 ) ) ;
#923 = CARTESIAN_POINT ( 'NONE',  ( 0.04527559055118110520, 0.2362204724409449064, 4.263858441287808044E-16 ) ) ;
#924 = FACE_OUTER_BOUND ( 'NONE', #1031, .T. ) ;
#925 = CARTESIAN_POINT ( 'NONE',  ( 0.0000000000000000000, -0.07874015746062992815, -1.302010136163751870E-16 ) ) ;
#926 = ORIENTED_EDGE ( 'NONE', *, *, #30, .F. ) ;
#927 = EDGE_CURVE ( 'NONE', #181, #1505, #210, .T. ) ;
#928 = LENGTH_MEASURE_WITH_UNIT ( LENGTH_MEASURE( 0.02539999999999999897 ), #802 );
#929 = DIRECTION ( 'NONE',  ( -1.000000000000000000, 0.0000000000000000000, 0.0000000000000000000 ) ) ;
#930 = DIRECTION ( 'NONE',  ( 0.0000000000000000000, 1.000000000000000000, 1.644517855226014900E-15 ) ) ;
#931 = DIRECTION ( 'NONE',  ( 0.0000000000000000000, 1.000000000000000000, 1.644517855226014900E-15 ) ) ;
#932 = LINE ( 'NONE', #1419, #835 ) ;
#933 = DIRECTION ( 'NONE',  ( 0.8660254035535563943, -8.222589282706475561E-16, 0.5000000003998997800 ) ) ;
#934 = ORIENTED_EDGE ( 'NONE', *, *, #1117, .F. ) ;
#935 = CARTESIAN_POINT ( 'NONE',  ( 0.0000000000000000000, 0.0000000000000000000, 0.0000000000000000000 ) ) ;
#936 = VECTOR ( 'NONE', #776, 39.37007874015748143 ) ;
#937 = CARTESIAN_POINT ( 'NONE',  ( 0.0000000000000000000, 0.2748031496062992018, 0.1771653543307086520 ) ) ;
#938 = FACE_OUTER_BOUND ( 'NONE', #334, .T. ) ;
#939 = CIRCLE ( 'NONE', #505, 0.2165354330708661457 ) ;
#940 = PLANE ( 'NONE',  #1070 ) ;
#941 = VECTOR ( 'NONE', #23, 39.37007874015748143 ) ;
#942 = VECTOR ( 'NONE', #504, 39.37007874015748143 ) ;
#943 = EDGE_LOOP ( 'NONE', ( #1230, #522, #1103, #580 ) ) ;
#944 =( GEOMETRIC_REPRESENTATION_CONTEXT ( 3 ) GLOBAL_UNCERTAINTY_ASSIGNED_CONTEXT ( ( #1168 ) ) GLOBAL_UNIT_ASSIGNED_CONTEXT ( ( #769, #1503, #543 ) ) REPRESENTATION_CONTEXT ( 'NONE', 'WORKASPACE' ) );
#945 = LINE ( 'NONE', #678, #1198 ) ;
#946 = ADVANCED_FACE ( 'NONE', ( #910 ), #195, .F. ) ;
#947 = CARTESIAN_POINT ( 'NONE',  ( 0.004189380173632157624, 0.2748031496062992018, 0.2034120734908141936 ) ) ;
#948 = CARTESIAN_POINT ( 'NONE',  ( -0.002877044215626882277, 0.2755905511811023723, 0.2034120734908141936 ) ) ;
#949 = VERTEX_POINT ( 'NONE', #203 ) ;
#950 = ORIENTED_EDGE ( 'NONE', *, *, #716, .T. ) ;
#951 = DIRECTION ( 'NONE',  ( -1.000000000000000000, 0.0000000000000000000, 0.0000000000000000000 ) ) ;
#952 = CARTESIAN_POINT ( 'NONE',  ( 0.0000000000000000000, -0.09842519685039370636, -1.618619936246076672E-16 ) ) ;
#953 = ORIENTED_EDGE ( 'NONE', *, *, #1059, .T. ) ;
#954 = DIRECTION ( 'NONE',  ( -1.000000000000000000, 0.0000000000000000000, 0.0000000000000000000 ) ) ;
#955 = EDGE_CURVE ( 'NONE', #1194, #1058, #124, .T. ) ;
#956 = DIRECTION ( 'NONE',  ( 1.000000000000000000, 0.0000000000000000000, 0.0000000000000000000 ) ) ;
#957 = DIMENSIONAL_EXPONENTS ( 1.000000000000000000, 0.0000000000000000000, 0.0000000000000000000, 0.0000000000000000000, 0.0000000000000000000, 0.0000000000000000000, 0.0000000000000000000 ) ;
#958 = DIRECTION ( 'NONE',  ( 0.0000000000000000000, 1.000000000000000000, 1.644517855226014900E-15 ) ) ;
#959 = AXIS2_PLACEMENT_3D ( 'NONE', #1166, #330, #1142 ) ;
#960 = CARTESIAN_POINT ( 'NONE',  ( 0.1385787137182824813, -0.07874015748031495954, -0.1663836947521419307 ) ) ;
#961 = VECTOR ( 'NONE', #618, 39.37007874015748143 ) ;
#962 = VERTEX_POINT ( 'NONE', #1286 ) ;
#963 =( GEOMETRIC_REPRESENTATION_CONTEXT ( 3 ) GLOBAL_UNCERTAINTY_ASSIGNED_CONTEXT ( ( #51 ) ) GLOBAL_UNIT_ASSIGNED_CONTEXT ( ( #50, #1374, #989 ) ) REPRESENTATION_CONTEXT ( 'NONE', 'WORKASPACE' ) );
#964 = EDGE_CURVE ( 'NONE', #125, #399, #321, .T. ) ;
#965 = AXIS2_PLACEMENT_3D ( 'NONE', #10, #1336, #498 ) ;
#966 = CARTESIAN_POINT ( 'NONE',  ( 0.02740763173834043220, 0.2748031496062992018, 0.1801938219261058904 ) ) ;
#967 = STYLED_ITEM ( 'NONE', ( #804 ), #610 ) ;
#968 = CARTESIAN_POINT ( 'NONE',  ( 0.03937007874015747977, 0.2755905511811023723, 0.1771653543307086520 ) ) ;
#969 = FACE_OUTER_BOUND ( 'NONE', #825, .T. ) ;
#970 = CARTESIAN_POINT ( 'NONE',  ( -0.2191338582677165303, 0.2165354330708661457, -0.2191349362992121852 ) ) ;
#971 = ORIENTED_EDGE ( 'NONE', *, *, #927, .F. ) ;
#972 = EDGE_CURVE ( 'NONE', #185, #949, #683, .T. ) ;
#973 = CARTESIAN_POINT ( 'NONE',  ( 0.1385787137007873926, -0.09842519685039370636, -0.1663836947637797048 ) ) ;
#974 = EDGE_CURVE ( 'NONE', #1437, #1079, #237, .T. ) ;
#975 = LINE ( 'NONE', #980, #290 ) ;
#976 = CYLINDRICAL_SURFACE ( 'NONE', #406, 0.04527559055118110520 ) ;
#977 = CARTESIAN_POINT ( 'NONE',  ( 0.04330708661417323468, 0.2755905511811023723, 0.1771653543307086520 ) ) ;
#978 = ORIENTED_EDGE ( 'NONE', *, *, #590, .F. ) ;
#979 = FACE_OUTER_BOUND ( 'NONE', #1393, .T. ) ;
#980 = CARTESIAN_POINT ( 'NONE',  ( -0.002877044215626882277, 0.2748031496062992018, 0.1499091459721385855 ) ) ;
#981 = ORIENTED_EDGE ( 'NONE', *, *, #792, .F. ) ;
#982 = CIRCLE ( 'NONE', #312, 0.2165354330708661457 ) ;
#983 = SURFACE_STYLE_USAGE ( .BOTH. , #1202 ) ;
#984 = CARTESIAN_POINT ( 'NONE',  ( 0.0000000000000000000, -0.07874015746062992815, -1.302010136163751870E-16 ) ) ;
#985 = ORIENTED_EDGE ( 'NONE', *, *, #600, .F. ) ;
#986 = AXIS2_PLACEMENT_3D ( 'NONE', #1101, #1472, #1351 ) ;
#987 = DIRECTION ( 'NONE',  ( 1.000000000000000000, 0.0000000000000000000, 0.0000000000000000000 ) ) ;
#988 = AXIS2_PLACEMENT_3D ( 'NONE', #1355, #175, #767 ) ;
#989 =( NAMED_UNIT ( * ) SI_UNIT ( $, .STERADIAN. ) SOLID_ANGLE_UNIT ( ) );
#990 = EDGE_CURVE ( 'NONE', #544, #1284, #1278, .T. ) ;
#991 = AXIS2_PLACEMENT_3D ( 'NONE', #574, #913, #112 ) ;
#992 = CIRCLE ( 'NONE', #1162, 0.2362204724409449064 ) ;
#993 = ORIENTED_EDGE ( 'NONE', *, *, #550, .F. ) ;
#994 = LINE ( 'NONE', #846, #1066 ) ;
#995 = ADVANCED_FACE ( 'NONE', ( #669 ), #474, .T. ) ;
#996 = ORIENTED_EDGE ( 'NONE', *, *, #1353, .T. ) ;
#997 = DIRECTION ( 'NONE',  ( 0.0000000000000000000, -1.000000000000000000, -1.608377782809829973E-15 ) ) ;
#998 =( LENGTH_UNIT ( ) NAMED_UNIT ( * ) SI_UNIT ( $, .METRE. ) );
#999 = ORIENTED_EDGE ( 'NONE', *, *, #524, .F. ) ;
#1000 = PLANE ( 'NONE',  #37 ) ;
#1001 = EDGE_CURVE ( 'NONE', #190, #107, #429, .T. ) ;
#1002 = VERTEX_POINT ( 'NONE', #335 ) ;
#1003 = DIRECTION ( 'NONE',  ( 0.0000000000000000000, -1.000000000000000000, -1.644517855226014900E-15 ) ) ;
#1004 = LINE ( 'NONE', #196, #936 ) ;
#1005 = CYLINDRICAL_SURFACE ( 'NONE', #1370, 0.2165354330708661457 ) ;
#1006 = UNCERTAINTY_MEASURE_WITH_UNIT (LENGTH_MEASURE( 1.000000000000000082E-05 ), #546, 'distance_accuracy_value', 'NONE');
#1007 = ORIENTED_EDGE ( 'NONE', *, *, #716, .F. ) ;
#1008 = LINE ( 'NONE', #298, #789 ) ;
#1009 = DIRECTION ( 'NONE',  ( 0.0000000000000000000, 1.000000000000000000, 1.644517855226014900E-15 ) ) ;
#1010 = AXIS2_PLACEMENT_3D ( 'NONE', #388, #755, #625 ) ;
#1011 = ORIENTED_EDGE ( 'NONE', *, *, #877, .T. ) ;
#1012 = EDGE_CURVE ( 'NONE', #502, #1463, #675, .T. ) ;
#1013 = AXIS2_PLACEMENT_3D ( 'NONE', #322, #1261, #1252 ) ;
#1014 = ORIENTED_EDGE ( 'NONE', *, *, #1415, .F. ) ;
#1015 = DIRECTION ( 'NONE',  ( 1.000000000000000000, 0.0000000000000000000, 0.0000000000000000000 ) ) ;
#1016 = DIRECTION ( 'NONE',  ( -1.000000000000000000, -0.0000000000000000000, 0.0000000000000000000 ) ) ;
#1017 = AXIS2_PLACEMENT_3D ( 'NONE', #1092, #1337, #373 ) ;
#1018 = CARTESIAN_POINT ( 'NONE',  ( -0.01181102362204722485, -0.2755905511811023723, 0.1496062992125985758 ) ) ;
#1019 = CIRCLE ( 'NONE', #565, 0.04527559055118110520 ) ;
#1020 = ORIENTED_EDGE ( 'NONE', *, *, #479, .T. ) ;
#1021 = CIRCLE ( 'NONE', #1218, 0.01181102362204724393 ) ;
#1022 = SURFACE_STYLE_FILL_AREA ( #83 ) ;
#1023 = CARTESIAN_POINT ( 'NONE',  ( 0.2165354330708661457, 0.2362204724409449064, 3.988005278378196695E-16 ) ) ;
#1024 = VERTEX_POINT ( 'NONE', #809 ) ;
#1025 = ADVANCED_FACE ( 'NONE', ( #87 ), #783, .T. ) ;
#1026 = VERTEX_POINT ( 'NONE', #960 ) ;
#1027 = DIRECTION ( 'NONE',  ( 1.000000000000000000, 0.0000000000000000000, 0.0000000000000000000 ) ) ;
#1028 = LINE ( 'NONE', #176, #116 ) ;
#1029 = ADVANCED_FACE ( 'NONE', ( #1457 ), #1107, .F. ) ;
#1030 = DIRECTION ( 'NONE',  ( 0.0000000000000000000, -1.000000000000000000, -1.644517855226014900E-15 ) ) ;
#1031 = EDGE_LOOP ( 'NONE', ( #217, #540, #200, #722, #1466, #1014, #1034, #1203, #896, #458 ) ) ;
#1032 = LINE ( 'NONE', #1515, #1095 ) ;
#1033 = ORIENTED_EDGE ( 'NONE', *, *, #169, .T. ) ;
#1034 = ORIENTED_EDGE ( 'NONE', *, *, #433, .F. ) ;
#1035 = DIRECTION ( 'NONE',  ( 0.0000000000000000000, 1.644517855226014900E-15, -1.000000000000000000 ) ) ;
#1036 = DIRECTION ( 'NONE',  ( 0.0000000000000000000, -1.000000000000000000, -1.644517855226014900E-15 ) ) ;
#1037 = CARTESIAN_POINT ( 'NONE',  ( 1.832088245875996289E-17, -0.2755905511811023723, -0.1496062992125984370 ) ) ;
#1038 = DIRECTION ( 'NONE',  ( 0.0000000000000000000, 1.644517855226014900E-15, -1.000000000000000000 ) ) ;
#1039 = DIRECTION ( 'NONE',  ( -1.000000000000000000, 0.0000000000000000000, 0.0000000000000000000 ) ) ;
#1040 = ORIENTED_EDGE ( 'NONE', *, *, #561, .T. ) ;
#1041 = ORIENTED_EDGE ( 'NONE', *, *, #1330, .F. ) ;
#1042 = SURFACE_SIDE_STYLE ('',( #567 ) ) ;
#1043 = AXIS2_PLACEMENT_3D ( 'NONE', #662, #1377, #1146 ) ;
#1044 = CARTESIAN_POINT ( 'NONE',  ( 0.1566433948667716736, -0.07874015748031495954, -0.1768133434299214712 ) ) ;
#1045 = CARTESIAN_POINT ( 'NONE',  ( 0.01181102362204726301, -0.2755905511811023723, -0.1496062992125984370 ) ) ;
#1046 = ADVANCED_FACE ( 'NONE', ( #261 ), #1232, .F. ) ;
#1047 = CYLINDRICAL_SURFACE ( 'NONE', #1271, 0.03937007874015747977 ) ;
#1048 = DIRECTION ( 'NONE',  ( 0.0000000000000000000, 1.644517855226014900E-15, -1.000000000000000000 ) ) ;
#1049 = COLOUR_RGB ( '',0.7568627450980391913, 0.7568627450980391913, 0.0000000000000000000 ) ;
#1050 = AXIS2_PLACEMENT_3D ( 'NONE', #294, #652, #658 ) ;
#1051 = CARTESIAN_POINT ( 'NONE',  ( -0.1476110543503937056, -0.09842519685039370636, -0.1715985190748033629 ) ) ;
#1052 = EDGE_CURVE ( 'NONE', #1079, #300, #744, .T. ) ;
#1053 = ORIENTED_EDGE ( 'NONE', *, *, #479, .F. ) ;
#1054 = SURFACE_STYLE_USAGE ( .BOTH. , #1042 ) ;
#1055 = CARTESIAN_POINT ( 'NONE',  ( -0.02609529578033515859, 0.2755905511811023723, 0.1731273975368468609 ) ) ;
#1056 = CARTESIAN_POINT ( 'NONE',  ( 0.004189380173632157624, 0.2748031496062992018, 0.2034120734908141936 ) ) ;
#1057 = CARTESIAN_POINT ( 'NONE',  ( 1.832088245875996289E-17, -0.07874015748031495954, 0.1496062992125984370 ) ) ;
#1058 = VERTEX_POINT ( 'NONE', #1448 ) ;
#1059 = EDGE_CURVE ( 'NONE', #424, #1266, #992, .T. ) ;
#1060 = ORIENTED_EDGE ( 'NONE', *, *, #600, .T. ) ;
#1061 = CARTESIAN_POINT ( 'NONE',  ( 0.02740763173834043220, 0.2755905511811023723, 0.1731273975368468609 ) ) ;
#1062 = DIRECTION ( 'NONE',  ( 0.0000000000000000000, 1.000000000000000000, 1.644517855226014900E-15 ) ) ;
#1063 = FACE_OUTER_BOUND ( 'NONE', #1481, .T. ) ;
#1064 = CARTESIAN_POINT ( 'NONE',  ( 0.04330708661417323468, 0.2748031496062992018, 0.1771653543307086520 ) ) ;
#1065 = EDGE_CURVE ( 'NONE', #368, #428, #631, .T. ) ;
#1066 = VECTOR ( 'NONE', #1239, 39.37007874015748143 ) ;
#1067 = DIRECTION ( 'NONE',  ( 1.000000000000000000, 0.0000000000000000000, 0.0000000000000000000 ) ) ;
#1068 = DIRECTION ( 'NONE',  ( -1.000000000000000000, 0.0000000000000000000, 0.0000000000000000000 ) ) ;
#1069 = PLANE ( 'NONE',  #1523 ) ;
#1070 = AXIS2_PLACEMENT_3D ( 'NONE', #105, #450, #933 ) ;
#1071 = ORIENTED_EDGE ( 'NONE', *, *, #1128, .T. ) ;
#1072 = PRESENTATION_LAYER_ASSIGNMENT (  '', '', ( #319 ) ) ;
#1073 = CIRCLE ( 'NONE', #386, 0.01181102362204724393 ) ;
#1074 = VERTEX_POINT ( 'NONE', #1473 ) ;
#1075 = LENGTH_MEASURE_WITH_UNIT ( LENGTH_MEASURE( 0.02539999999999999897 ), #249 );
#1076 = DIRECTION ( 'NONE',  ( 0.5000000003998997800, -1.424194239223137275E-15, 0.8660254035535563943 ) ) ;
#1077 = ADVANCED_FACE ( 'NONE', ( #733 ), #40, .T. ) ;
#1078 = CARTESIAN_POINT ( 'NONE',  ( 0.07480314960629921850, -0.09842519685039370636, 0.2192152292913386036 ) ) ;
#1079 = VERTEX_POINT ( 'NONE', #367 ) ;
#1080 = DIRECTION ( 'NONE',  ( 0.0000000000000000000, -1.000000000000000000, -1.644517855226014900E-15 ) ) ;
#1081 = ORIENTED_EDGE ( 'NONE', *, *, #369, .T. ) ;
#1082 = CARTESIAN_POINT ( 'NONE',  ( 0.0000000000000000000, 0.2755905511811019837, 0.2362204724409453505 ) ) ;
#1083 = DIRECTION ( 'NONE',  ( 0.0000000000000000000, 1.000000000000000000, 1.644517855226014900E-15 ) ) ;
#1084 = EDGE_CURVE ( 'NONE', #1268, #165, #994, .T. ) ;
#1085 = FACE_OUTER_BOUND ( 'NONE', #1114, .T. ) ;
#1086 = DIRECTION ( 'NONE',  ( 0.0000000000000000000, 1.000000000000000000, 1.644517855226014900E-15 ) ) ;
#1087 = ORIENTED_EDGE ( 'NONE', *, *, #305, .T. ) ;
#1088 = CARTESIAN_POINT ( 'NONE',  ( 0.0000000000000000000, 0.2165354330708661457, 3.560963859741366410E-16 ) ) ;
#1089 = FILL_AREA_STYLE_COLOUR ( '', #842 ) ;
#1090 = VECTOR ( 'NONE', #1527, 39.37007874015748854 ) ;
#1091 = EDGE_CURVE ( 'NONE', #1127, #170, #1465, .T. ) ;
#1092 = CARTESIAN_POINT ( 'NONE',  ( 1.832088245875996289E-17, -0.2755905511811023723, 0.1496062992125984370 ) ) ;
#1093 = FACE_OUTER_BOUND ( 'NONE', #297, .T. ) ;
#1094 = ORIENTED_EDGE ( 'NONE', *, *, #202, .F. ) ;
#1095 = VECTOR ( 'NONE', #1183, 39.37007874015748143 ) ;
#1096 = AXIS2_PLACEMENT_3D ( 'NONE', #643, #513, #1015 ) ;
#1097 = VECTOR ( 'NONE', #1175, 39.37007874015748143 ) ;
#1098 = DIRECTION ( 'NONE',  ( 0.0000000000000000000, 1.644517855226014900E-15, -1.000000000000000000 ) ) ;
#1099 = CARTESIAN_POINT ( 'NONE',  ( 0.07480314961433071064, -0.07874015747047283242, 0.2240638311016153739 ) ) ;
#1100 = ORIENTED_EDGE ( 'NONE', *, *, #1452, .F. ) ;
#1101 = CARTESIAN_POINT ( 'NONE',  ( 0.0000000000000000000, 0.2755905511811023723, 4.396966259302495713E-16 ) ) ;
#1102 = LINE ( 'NONE', #1333, #883 ) ;
#1103 = ORIENTED_EDGE ( 'NONE', *, *, #135, .T. ) ;
#1104 = CARTESIAN_POINT ( 'NONE',  ( 2.892866454678787531E-17, -0.09842519685039333166, -0.2362204724409450729 ) ) ;
#1105 = DIRECTION ( 'NONE',  ( 0.0000000000000000000, 1.644517855226014900E-15, -1.000000000000000000 ) ) ;
#1106 = CARTESIAN_POINT ( 'NONE',  ( 0.004189380173632157624, 0.2755905511811023723, 0.1731273975368468609 ) ) ;
#1107 = PLANE ( 'NONE',  #488 ) ;
#1108 = ORIENTED_EDGE ( 'NONE', *, *, #1441, .T. ) ;
#1109 = DIRECTION ( 'NONE',  ( 1.000000000000000000, 0.0000000000000000000, 0.0000000000000000000 ) ) ;
#1110 = CARTESIAN_POINT ( 'NONE',  ( 0.0000000000000000000, 0.2165354330708661457, 3.560963859741366410E-16 ) ) ;
#1111 = VECTOR ( 'NONE', #324, 39.37007874015748143 ) ;
#1112 = CARTESIAN_POINT ( 'NONE',  ( -0.03937007874015747977, 0.2748031496062992018, 0.1771653543307086520 ) ) ;
#1113 = CARTESIAN_POINT ( 'NONE',  ( 0.07480314960629921850, -0.08858267716535432601, 0.2240638311023622209 ) ) ;
#1114 = EDGE_LOOP ( 'NONE', ( #291, #1405, #779, #564 ) ) ;
#1115 = AXIS2_PLACEMENT_3D ( 'NONE', #1500, #997, #1122 ) ;
#1116 = PRESENTATION_LAYER_ASSIGNMENT (  '', '', ( #1327 ) ) ;
#1117 = EDGE_CURVE ( 'NONE', #1489, #880, #1102, .T. ) ;
#1118 = ORIENTED_EDGE ( 'NONE', *, *, #248, .T. ) ;
#1119 = LINE ( 'NONE', #46, #1241 ) ;
#1120 = SURFACE_STYLE_FILL_AREA ( #788 ) ;
#1121 = ORIENTED_EDGE ( 'NONE', *, *, #841, .F. ) ;
#1122 = DIRECTION ( 'NONE',  ( 0.0000000000000000000, -1.590163186312072907E-15, 1.000000000000000000 ) ) ;
#1123 = EDGE_CURVE ( 'NONE', #554, #1178, #163, .T. ) ;
#1124 = ORIENTED_EDGE ( 'NONE', *, *, #649, .T. ) ;
#1125 = CARTESIAN_POINT ( 'NONE',  ( 1.832088245875996289E-17, -0.2755905511811023723, 0.1496062992125984370 ) ) ;
#1126 = CARTESIAN_POINT ( 'NONE',  ( 0.02740763173834043220, 0.2748031496062992018, 0.1731273975368468609 ) ) ;
#1127 = VERTEX_POINT ( 'NONE', #619 ) ;
#1128 = EDGE_CURVE ( 'NONE', #1178, #468, #982, .T. ) ;
#1129 = ORIENTED_EDGE ( 'NONE', *, *, #898, .T. ) ;
#1130 = CARTESIAN_POINT ( 'NONE',  ( 1.832088245875996289E-17, -0.07874015748031495954, -0.1496062992125984370 ) ) ;
#1131 = CARTESIAN_POINT ( 'NONE',  ( -0.01181102362204722485, -0.07874015748031495954, 0.1496062992125985758 ) ) ;
#1132 =( LENGTH_UNIT ( ) NAMED_UNIT ( * ) SI_UNIT ( $, .METRE. ) );
#1133 = VERTEX_POINT ( 'NONE', #26 ) ;
#1134 =( NAMED_UNIT ( * ) PLANE_ANGLE_UNIT ( ) SI_UNIT ( $, .RADIAN. ) );
#1135 =( NAMED_UNIT ( * ) SI_UNIT ( $, .STERADIAN. ) SOLID_ANGLE_UNIT ( ) );
#1136 = ADVANCED_FACE ( 'NONE', ( #1093 ), #495, .T. ) ;
#1137 = EDGE_LOOP ( 'NONE', ( #86, #1173, #1315, #532 ) ) ;
#1138 = CIRCLE ( 'NONE', #861, 0.01181102362204724393 ) ;
#1139 = EDGE_CURVE ( 'NONE', #1266, #300, #868, .T. ) ;
#1140 = ORIENTED_EDGE ( 'NONE', *, *, #830, .F. ) ;
#1141 = LINE ( 'NONE', #1380, #942 ) ;
#1142 = DIRECTION ( 'NONE',  ( -4.440892098500625373E-15, -1.590163186312072907E-15, 1.000000000000000000 ) ) ;
#1143 = AXIS2_PLACEMENT_3D ( 'NONE', #274, #1479, #1231 ) ;
#1144 = MECHANICAL_DESIGN_GEOMETRIC_PRESENTATION_REPRESENTATION (  '', ( #344 ), #715 ) ;
#1145 = ORIENTED_EDGE ( 'NONE', *, *, #666, .F. ) ;
#1146 = DIRECTION ( 'NONE',  ( 0.0000000000000000000, -1.000000000000000000, -1.644517855226014900E-15 ) ) ;
#1147 = ORIENTED_EDGE ( 'NONE', *, *, #127, .T. ) ;
#1148 = ORIENTED_EDGE ( 'NONE', *, *, #1171, .F. ) ;
#1149 = CARTESIAN_POINT ( 'NONE',  ( -0.04527559055118110520, 0.2362204724409449064, 3.884687846990582928E-16 ) ) ;
#1150 = FACE_OUTER_BOUND ( 'NONE', #1240, .T. ) ;
#1151 = DIRECTION ( 'NONE',  ( 0.0000000000000000000, 1.000000000000000000, 1.644517855226014900E-15 ) ) ;
#1152 = CARTESIAN_POINT ( 'NONE',  ( 1.832088245875996289E-17, -0.2755905511811023723, -0.1496062992125984370 ) ) ;
#1153 = ORIENTED_EDGE ( 'NONE', *, *, #251, .T. ) ;
#1154 = VERTEX_POINT ( 'NONE', #977 ) ;
#1155 = CARTESIAN_POINT ( 'NONE',  ( 1.832088245875996289E-17, -0.2362204724409449064, -0.1496062992125984370 ) ) ;
#1156 = EDGE_CURVE ( 'NONE', #1474, #962, #1345, .T. ) ;
#1157 = CARTESIAN_POINT ( 'NONE',  ( 0.0000000000000000000, 0.2165354330708661457, 3.560963859741366410E-16 ) ) ;
#1158 = LINE ( 'NONE', #442, #1097 ) ;
#1159 = DIRECTION ( 'NONE',  ( -1.000000000000000000, 0.0000000000000000000, 0.0000000000000000000 ) ) ;
#1160 = CARTESIAN_POINT ( 'NONE',  ( 0.2390551181102362199, 0.2755905511811023723, 0.2390561962598429235 ) ) ;
#1161 = ORIENTED_EDGE ( 'NONE', *, *, #526, .T. ) ;
#1162 = AXIS2_PLACEMENT_3D ( 'NONE', #1223, #609, #1338 ) ;
#1163 = ORIENTED_EDGE ( 'NONE', *, *, #1330, .T. ) ;
#1164 = CARTESIAN_POINT ( 'NONE',  ( 0.03937007874015747977, 0.2748031496062992018, 0.1771653543307086520 ) ) ;
#1165 = AXIS2_PLACEMENT_3D ( 'NONE', #1157, #88, #557 ) ;
#1166 = CARTESIAN_POINT ( 'NONE',  ( 0.0000000000000000000, -0.09842519685039370636, -1.618619936246076672E-16 ) ) ;
#1167 = LINE ( 'NONE', #1045, #122 ) ;
#1168 = UNCERTAINTY_MEASURE_WITH_UNIT (LENGTH_MEASURE( 1.000000000000000082E-05 ), #769, 'distance_accuracy_value', 'NONE');
#1169 = CIRCLE ( 'NONE', #965, 0.01181102362204724393 ) ;
#1170 = CARTESIAN_POINT ( 'NONE',  ( -0.002877044215626882277, 0.2748031496062992018, 0.1801938219261058904 ) ) ;
#1171 = EDGE_CURVE ( 'NONE', #605, #1489, #61, .T. ) ;
#1172 = VECTOR ( 'NONE', #1518, 39.37007874015748854 ) ;
#1173 = ORIENTED_EDGE ( 'NONE', *, *, #850, .F. ) ;
#1174 = ORIENTED_EDGE ( 'NONE', *, *, #369, .F. ) ;
#1175 = DIRECTION ( 'NONE',  ( 0.0000000000000000000, -1.644517855226014900E-15, 1.000000000000000000 ) ) ;
#1176 = CARTESIAN_POINT ( 'NONE',  ( 0.004189380173632157624, 0.2748031496062992018, 0.1499091459721385855 ) ) ;
#1177 = EDGE_CURVE ( 'NONE', #572, #1505, #1189, .T. ) ;
#1178 = VERTEX_POINT ( 'NONE', #1023 ) ;
#1179 = EDGE_CURVE ( 'NONE', #1259, #800, #315, .T. ) ;
#1180 = ORIENTED_EDGE ( 'NONE', *, *, #326, .T. ) ;
#1181 = SURFACE_STYLE_USAGE ( .BOTH. , #1424 ) ;
#1182 = DIRECTION ( 'NONE',  ( -1.000000000000000000, 0.0000000000000000000, 0.0000000000000000000 ) ) ;
#1183 = DIRECTION ( 'NONE',  ( 0.0000000000000000000, 1.644517855226014900E-15, -1.000000000000000000 ) ) ;
#1184 = CARTESIAN_POINT ( 'NONE',  ( -0.01181102362204722485, -0.2362204724409449064, -0.1496062992125982427 ) ) ;
#1185 = ORIENTED_EDGE ( 'NONE', *, *, #1001, .F. ) ;
#1186 = VERTEX_POINT ( 'NONE', #289 ) ;
#1187 = ADVANCED_FACE ( 'NONE', ( #426 ), #1000, .T. ) ;
#1188 = APPLICATION_PROTOCOL_DEFINITION ( 'draft international standard', 'automotive_design', 1998, #66 ) ;
#1189 = CIRCLE ( 'NONE', #586, 0.2362204724409449064 ) ;
#1190 = DIRECTION ( 'NONE',  ( 0.0000000000000000000, 1.000000000000000000, 1.644517855226014900E-15 ) ) ;
#1191 = DIRECTION ( 'NONE',  ( 0.0000000000000000000, 1.000000000000000000, 1.644517855226014900E-15 ) ) ;
#1192 = DIMENSIONAL_EXPONENTS ( 1.000000000000000000, 0.0000000000000000000, 0.0000000000000000000, 0.0000000000000000000, 0.0000000000000000000, 0.0000000000000000000, 0.0000000000000000000 ) ;
#1193 = VECTOR ( 'NONE', #136, 39.37007874015748143 ) ;
#1194 = VERTEX_POINT ( 'NONE', #1495 ) ;
#1195 = CARTESIAN_POINT ( 'NONE',  ( -0.02609529578033515859, 0.2748031496062992018, 0.1801938219261058904 ) ) ;
#1196 = VECTOR ( 'NONE', #1397, 39.37007874015748854 ) ;
#1197 = ORIENTED_EDGE ( 'NONE', *, *, #371, .F. ) ;
#1198 = VECTOR ( 'NONE', #1182, 39.37007874015748143 ) ;
#1199 = ADVANCED_FACE ( 'NONE', ( #435 ), #172, .T. ) ;
#1200 = CARTESIAN_POINT ( 'NONE',  ( 0.0000000000000000000, 0.2748031496062992018, 0.1771653543307086520 ) ) ;
#1201 = EDGE_LOOP ( 'NONE', ( #1524, #1121, #1498, #1161 ) ) ;
#1202 = SURFACE_SIDE_STYLE ('',( #11 ) ) ;
#1203 = ORIENTED_EDGE ( 'NONE', *, *, #1477, .F. ) ;
#1204 = DIRECTION ( 'NONE',  ( 1.000000000000000000, 0.0000000000000000000, 0.0000000000000000000 ) ) ;
#1205 = ADVANCED_FACE ( 'NONE', ( #55 ), #535, .T. ) ;
#1206 = CARTESIAN_POINT ( 'NONE',  ( 0.02740763173834043220, 0.2748031496062992018, 0.1801938219261058904 ) ) ;
#1207 = DIRECTION ( 'NONE',  ( 0.0000000000000000000, -1.000000000000000000, -1.644517855226014900E-15 ) ) ;
#1208 = EDGE_LOOP ( 'NONE', ( #904, #1483 ) ) ;
#1209 = DIRECTION ( 'NONE',  ( 0.0000000000000000000, -1.000000000000000000, -1.644517855226014900E-15 ) ) ;
#1210 = VECTOR ( 'NONE', #501, 39.37007874015748143 ) ;
#1211 = DIRECTION ( 'NONE',  ( 0.0000000000000000000, 1.000000000000000000, 1.644517855226014900E-15 ) ) ;
#1212 = CIRCLE ( 'NONE', #264, 0.03937007874015747977 ) ;
#1213 = CARTESIAN_POINT ( 'NONE',  ( -0.002877044215626882277, 0.2748031496062992018, 0.1499091459721385855 ) ) ;
#1214 = DIRECTION ( 'NONE',  ( 0.0000000000000000000, 1.000000000000000000, 1.644517855226014900E-15 ) ) ;
#1215 = ORIENTED_EDGE ( 'NONE', *, *, #5, .T. ) ;
#1216 = AXIS2_PLACEMENT_3D ( 'NONE', #780, #1264, #545 ) ;
#1217 = AXIS2_PLACEMENT_3D ( 'NONE', #137, #490, #853 ) ;
#1218 = AXIS2_PLACEMENT_3D ( 'NONE', #606, #1209, #485 ) ;
#1219 = CYLINDRICAL_SURFACE ( 'NONE', #806, 0.2165354330708661457 ) ;
#1220 = CARTESIAN_POINT ( 'NONE',  ( -0.002877044215626882277, 0.2755905511811023723, 0.1801938219261058904 ) ) ;
#1221 = DIMENSIONAL_EXPONENTS ( 1.000000000000000000, 0.0000000000000000000, 0.0000000000000000000, 0.0000000000000000000, 0.0000000000000000000, 0.0000000000000000000, 0.0000000000000000000 ) ;
#1222 = CARTESIAN_POINT ( 'NONE',  ( -0.002877044215626882277, 0.2748031496062992018, 0.1731273975368468609 ) ) ;
#1223 = CARTESIAN_POINT ( 'NONE',  ( 0.0000000000000000000, -0.09842519685039370636, -1.618619936246076672E-16 ) ) ;
#1224 = EDGE_CURVE ( 'NONE', #161, #1259, #1507, .T. ) ;
#1225 = ORIENTED_EDGE ( 'NONE', *, *, #801, .T. ) ;
#1226 = EDGE_CURVE ( 'NONE', #1478, #1002, #686, .T. ) ;
#1227 = DIRECTION ( 'NONE',  ( -0.8660254045745661156, -8.222589253624171657E-16, 0.4999999986314590528 ) ) ;
#1228 = DIRECTION ( 'NONE',  ( -1.000000000000000000, 0.0000000000000000000, 0.0000000000000000000 ) ) ;
#1229 = UNCERTAINTY_MEASURE_WITH_UNIT (LENGTH_MEASURE( 1.000000000000000082E-05 ), #1425, 'distance_accuracy_value', 'NONE');
#1230 = ORIENTED_EDGE ( 'NONE', *, *, #1226, .F. ) ;
#1231 = DIRECTION ( 'NONE',  ( -1.000000000000000000, 0.0000000000000000000, 0.0000000000000000000 ) ) ;
#1232 = CYLINDRICAL_SURFACE ( 'NONE', #1217, 0.2165354330708661457 ) ;
#1233 = VERTEX_POINT ( 'NONE', #902 ) ;
#1234 = LINE ( 'NONE', #182, #463 ) ;
#1235 = EDGE_CURVE ( 'NONE', #170, #1463, #1138, .T. ) ;
#1236 = FILL_AREA_STYLE ('',( #752 ) ) ;
#1237 = ORIENTED_EDGE ( 'NONE', *, *, #68, .F. ) ;
#1238 = DIRECTION ( 'NONE',  ( -1.000000000000000000, 0.0000000000000000000, 0.0000000000000000000 ) ) ;
#1239 = DIRECTION ( 'NONE',  ( 0.0000000000000000000, 1.000000000000000000, 1.644517855226014900E-15 ) ) ;
#1240 = EDGE_LOOP ( 'NONE', ( #978, #360, #1011, #692 ) ) ;
#1241 = VECTOR ( 'NONE', #516, 39.37007874015748143 ) ;
#1242 = DIRECTION ( 'NONE',  ( 0.0000000000000000000, -1.000000000000000000, -1.644517855226014900E-15 ) ) ;
#1243 = CIRCLE ( 'NONE', #462, 0.2165354330708661457 ) ;
#1244 = VECTOR ( 'NONE', #870, 39.37007874015748143 ) ;
#1245 = AXIS2_PLACEMENT_3D ( 'NONE', #29, #1467, #728 ) ;
#1246 = ADVANCED_FACE ( 'NONE', ( #1283 ), #1247, .T. ) ;
#1247 = PLANE ( 'NONE',  #1043 ) ;
#1248 = VERTEX_POINT ( 'NONE', #517 ) ;
#1249 = EDGE_LOOP ( 'NONE', ( #157, #621, #1509, #492 ) ) ;
#1250 = DIMENSIONAL_EXPONENTS ( 1.000000000000000000, 0.0000000000000000000, 0.0000000000000000000, 0.0000000000000000000, 0.0000000000000000000, 0.0000000000000000000, 0.0000000000000000000 ) ;
#1251 = DIRECTION ( 'NONE',  ( 0.0000000000000000000, 1.000000000000000000, 1.644517855226014900E-15 ) ) ;
#1252 = DIRECTION ( 'NONE',  ( 0.0000000000000000000, -1.000000000000000000, -1.644517855226014900E-15 ) ) ;
#1253 = SURFACE_STYLE_USAGE ( .BOTH. , #628 ) ;
#1254 = ADVANCED_FACE ( 'NONE', ( #299 ), #772, .T. ) ;
#1255 = ORIENTED_EDGE ( 'NONE', *, *, #955, .T. ) ;
#1256 = CARTESIAN_POINT ( 'NONE',  ( -0.04330708661417323468, 0.2755905511811023723, 0.1771653543307086520 ) ) ;
#1257 = ADVANCED_FACE ( 'NONE', ( #938 ), #1297, .T. ) ;
#1258 = ORIENTED_EDGE ( 'NONE', *, *, #898, .F. ) ;
#1259 = VERTEX_POINT ( 'NONE', #466 ) ;
#1260 = LINE ( 'NONE', #1510, #1402 ) ;
#1261 = DIRECTION ( 'NONE',  ( -1.000000000000000000, -0.0000000000000000000, 0.0000000000000000000 ) ) ;
#1262 = PRODUCT_DEFINITION_CONTEXT ( 'detailed design', #1389, 'design' ) ;
#1263 = ORIENTED_EDGE ( 'NONE', *, *, #305, .F. ) ;
#1264 = DIRECTION ( 'NONE',  ( 0.0000000000000000000, 1.000000000000000000, 1.644517855226014900E-15 ) ) ;
#1265 = DIRECTION ( 'NONE',  ( 0.0000000000000000000, 1.000000000000000000, 1.644517855226014900E-15 ) ) ;
#1266 = VERTEX_POINT ( 'NONE', #816 ) ;
#1267 = VECTOR ( 'NONE', #1438, 39.37007874015748143 ) ;
#1268 = VERTEX_POINT ( 'NONE', #1531 ) ;
#1269 =( NAMED_UNIT ( * ) PLANE_ANGLE_UNIT ( ) SI_UNIT ( $, .RADIAN. ) );
#1270 = DIRECTION ( 'NONE',  ( 0.0000000000000000000, -1.644517855226014900E-15, 1.000000000000000000 ) ) ;
#1271 = AXIS2_PLACEMENT_3D ( 'NONE', #937, #827, #797 ) ;
#1272 = AXIS2_PLACEMENT_3D ( 'NONE', #711, #440, #954 ) ;
#1273 = AXIS2_PLACEMENT_3D ( 'NONE', #1547, #1520, #671 ) ;
#1274 = PRESENTATION_STYLE_ASSIGNMENT (( #398 ) ) ;
#1275 = CIRCLE ( 'NONE', #594, 0.2165354330708661457 ) ;
#1276 = VERTEX_POINT ( 'NONE', #948 ) ;
#1277 = EDGE_LOOP ( 'NONE', ( #421, #1124, #1145, #1293, #27, #8, #34, #151, #496, #436 ) ) ;
#1278 = LINE ( 'NONE', #1322, #1172 ) ;
#1279 = EDGE_CURVE ( 'NONE', #1284, #48, #1429, .T. ) ;
#1280 = CARTESIAN_POINT ( 'NONE',  ( 0.02740763173834043220, 0.2748031496062992018, 0.1731273975368468609 ) ) ;
#1281 = LINE ( 'NONE', #1055, #222 ) ;
#1282 = CARTESIAN_POINT ( 'NONE',  ( 0.0000000000000000000, -0.09842519685039370636, -1.618619936246076672E-16 ) ) ;
#1283 = FACE_OUTER_BOUND ( 'NONE', #1396, .T. ) ;
#1284 = VERTEX_POINT ( 'NONE', #339 ) ;
#1285 = EDGE_LOOP ( 'NONE', ( #1443, #77 ) ) ;
#1286 = CARTESIAN_POINT ( 'NONE',  ( 0.004189380173632157624, 0.2755905511811023723, 0.2034120734908141936 ) ) ;
#1287 = DIRECTION ( 'NONE',  ( 0.0000000000000000000, 1.000000000000000000, 1.644517855226014900E-15 ) ) ;
#1288 = EDGE_CURVE ( 'NONE', #300, #572, #456, .T. ) ;
#1289 = CYLINDRICAL_SURFACE ( 'NONE', #245, 0.01181102362204724393 ) ;
#1290 = CARTESIAN_POINT ( 'NONE',  ( 0.0000000000000000000, 0.2755905511811023723, 4.532135821489015470E-16 ) ) ;
#1291 = DIRECTION ( 'NONE',  ( -0.0000000000000000000, -1.000000000000000000, -1.644517855226014900E-15 ) ) ;
#1292 = LINE ( 'NONE', #333, #1548 ) ;
#1293 = ORIENTED_EDGE ( 'NONE', *, *, #1326, .F. ) ;
#1294 = AXIS2_PLACEMENT_3D ( 'NONE', #65, #1485, #1366 ) ;
#1295 = CARTESIAN_POINT ( 'NONE',  ( 0.0000000000000000000, 0.2755905511811023723, 0.1771653543307086520 ) ) ;
#1296 = ADVANCED_FACE ( 'NONE', ( #828 ), #696, .F. ) ;
#1297 = PLANE ( 'NONE',  #1493 ) ;
#1298 = VECTOR ( 'NONE', #1027, 39.37007874015748143 ) ;
#1299 = CARTESIAN_POINT ( 'NONE',  ( -0.07480314958887283872, -0.07874015746063033061, 0.2240638311102618463 ) ) ;
#1300 = VERTEX_POINT ( 'NONE', #1184 ) ;
#1301 =( CONVERSION_BASED_UNIT ( 'INCH', #1328 ) LENGTH_UNIT ( ) NAMED_UNIT ( #1221 ) );
#1302 =( NAMED_UNIT ( * ) PLANE_ANGLE_UNIT ( ) SI_UNIT ( $, .RADIAN. ) );
#1303 = EDGE_CURVE ( 'NONE', #1463, #170, #16, .T. ) ;
#1304 = CYLINDRICAL_SURFACE ( 'NONE', #613, 0.2362204724409449064 ) ;
#1305 = DIRECTION ( 'NONE',  ( -1.000000000000000000, 0.0000000000000000000, 0.0000000000000000000 ) ) ;
#1306 = ORIENTED_EDGE ( 'NONE', *, *, #814, .F. ) ;
#1307 = ADVANCED_FACE ( 'NONE', ( #1063 ), #1312, .F. ) ;
#1308 = ORIENTED_EDGE ( 'NONE', *, *, #620, .F. ) ;
#1309 =( NAMED_UNIT ( * ) PLANE_ANGLE_UNIT ( ) SI_UNIT ( $, .RADIAN. ) );
#1310 = DIRECTION ( 'NONE',  ( -1.000000000000000000, 0.0000000000000000000, 0.0000000000000000000 ) ) ;
#1311 = DIRECTION ( 'NONE',  ( 0.0000000000000000000, -1.590163186312072907E-15, 1.000000000000000000 ) ) ;
#1312 = PLANE ( 'NONE',  #813 ) ;
#1313 = VERTEX_POINT ( 'NONE', #1412 ) ;
#1314 = DIRECTION ( 'NONE',  ( 0.0000000000000000000, 1.000000000000000000, 1.644517855226014900E-15 ) ) ;
#1315 = ORIENTED_EDGE ( 'NONE', *, *, #345, .F. ) ;
#1316 = PRESENTATION_STYLE_ASSIGNMENT (( #1181 ) ) ;
#1317 = VECTOR ( 'NONE', #687, 39.37007874015748143 ) ;
#1318 = CARTESIAN_POINT ( 'NONE',  ( -0.02609529578033515859, 0.2755905511811023723, 0.1801938219261058904 ) ) ;
#1319 = DIRECTION ( 'NONE',  ( 0.0000000000000000000, -1.000000000000000000, -1.644517855226014900E-15 ) ) ;
#1320 = STYLED_ITEM ( 'NONE', ( #509 ), #101 ) ;
#1321 = CARTESIAN_POINT ( 'NONE',  ( -0.002877044215626882277, 0.2748031496062992018, 0.1801938219261058904 ) ) ;
#1322 = CARTESIAN_POINT ( 'NONE',  ( -0.2314465444837795483, -0.07874015748031495954, -0.04725048765921276150 ) ) ;
#1323 = AXIS2_PLACEMENT_3D ( 'NONE', #1200, #1083, #1228 ) ;
#1324 = VECTOR ( 'NONE', #246, 39.37007874015748143 ) ;
#1325 = ORIENTED_EDGE ( 'NONE', *, *, #1052, .F. ) ;
#1326 = EDGE_CURVE ( 'NONE', #1233, #668, #1537, .T. ) ;
#1327 = STYLED_ITEM ( 'NONE', ( #1513 ), #514 ) ;
#1328 = LENGTH_MEASURE_WITH_UNIT ( LENGTH_MEASURE( 0.02539999999999999897 ), #476 );
#1329 = CARTESIAN_POINT ( 'NONE',  ( 0.2390551181102362199, 0.2755905511811023723, 0.2390561962598429235 ) ) ;
#1330 = EDGE_CURVE ( 'NONE', #800, #820, #1544, .T. ) ;
#1331 = FACE_OUTER_BOUND ( 'NONE', #1538, .T. ) ;
#1332 = CARTESIAN_POINT ( 'NONE',  ( 0.0000000000000000000, 0.2362204724409449064, 3.884687846990582928E-16 ) ) ;
#1333 = CARTESIAN_POINT ( 'NONE',  ( -0.04527559055118110520, 0.2362204724409449064, 3.884687846990582928E-16 ) ) ;
#1334 = ORIENTED_EDGE ( 'NONE', *, *, #383, .F. ) ;
#1335 = EDGE_CURVE ( 'NONE', #1074, #468, #680, .T. ) ;
#1336 = DIRECTION ( 'NONE',  ( 0.0000000000000000000, -1.000000000000000000, -1.644517855226014900E-15 ) ) ;
#1337 = DIRECTION ( 'NONE',  ( 0.0000000000000000000, 1.000000000000000000, 1.644517855226014900E-15 ) ) ;
#1338 = DIRECTION ( 'NONE',  ( 0.0000000000000000000, -1.590163186312072907E-15, 1.000000000000000000 ) ) ;
#1339 = ORIENTED_EDGE ( 'NONE', *, *, #745, .T. ) ;
#1340 = CARTESIAN_POINT ( 'NONE',  ( 0.0000000000000000000, -0.09842519685039370636, -1.618619936246076672E-16 ) ) ;
#1341 = DIRECTION ( 'NONE',  ( 0.0000000000000000000, -1.000000000000000000, -1.608377782809829973E-15 ) ) ;
#1342 = ADVANCED_FACE ( 'NONE', ( #805, #701, #113 ), #1069, .F. ) ;
#1343 = AXIS2_PLACEMENT_3D ( 'NONE', #407, #419, #1265 ) ;
#1344 =( NAMED_UNIT ( * ) SI_UNIT ( $, .STERADIAN. ) SOLID_ANGLE_UNIT ( ) );
#1345 = LINE ( 'NONE', #1352, #1210 ) ;
#1346 = ORIENTED_EDGE ( 'NONE', *, *, #1461, .T. ) ;
#1347 = CIRCLE ( 'NONE', #663, 0.2362204724409449064 ) ;
#1348 = CIRCLE ( 'NONE', #1115, 0.2362204724409449064 ) ;
#1349 = LINE ( 'NONE', #272, #664 ) ;
#1350 = LINE ( 'NONE', #740, #267 ) ;
#1351 = DIRECTION ( 'NONE',  ( 0.0000000000000000000, -1.590163186312072907E-15, 1.000000000000000000 ) ) ;
#1352 = CARTESIAN_POINT ( 'NONE',  ( 0.004189380173632157624, 0.2755905511811023723, 0.1801938219261058904 ) ) ;
#1353 = EDGE_CURVE ( 'NONE', #428, #1233, #1470, .T. ) ;
#1354 = VERTEX_POINT ( 'NONE', #449 ) ;
#1355 = CARTESIAN_POINT ( 'NONE',  ( 0.07480314960629921850, -0.07874015748031495954, 0.2032045338582677274 ) ) ;
#1356 = DIRECTION ( 'NONE',  ( 1.000000000000000000, 0.0000000000000000000, 0.0000000000000000000 ) ) ;
#1357 = ORIENTED_EDGE ( 'NONE', *, *, #1012, .T. ) ;
#1358 = SURFACE_SIDE_STYLE ('',( #1022 ) ) ;
#1359 = DIRECTION ( 'NONE',  ( 1.000000000000000000, 0.0000000000000000000, 0.0000000000000000000 ) ) ;
#1360 = ORIENTED_EDGE ( 'NONE', *, *, #1522, .T. ) ;
#1361 = CARTESIAN_POINT ( 'NONE',  ( 1.832088245875996289E-17, -0.2362204724409449064, -0.1496062992125984370 ) ) ;
#1362 = FACE_OUTER_BOUND ( 'NONE', #900, .T. ) ;
#1363 = ORIENTED_EDGE ( 'NONE', *, *, #724, .T. ) ;
#1364 = MECHANICAL_DESIGN_GEOMETRIC_PRESENTATION_REPRESENTATION (  '', ( #1395 ), #911 ) ;
#1365 = CARTESIAN_POINT ( 'NONE',  ( 0.004189380173632157624, 0.2755905511811023723, 0.1731273975368468609 ) ) ;
#1366 = DIRECTION ( 'NONE',  ( 0.0000000000000000000, 1.000000000000000000, 1.644517855226014900E-15 ) ) ;
#1367 = EDGE_LOOP ( 'NONE', ( #174, #548 ) ) ;
#1368 = EDGE_CURVE ( 'NONE', #1300, #597, #932, .T. ) ;
#1369 = VERTEX_POINT ( 'NONE', #659 ) ;
#1370 = AXIS2_PLACEMENT_3D ( 'NONE', #168, #1030, #1356 ) ;
#1371 = VECTOR ( 'NONE', #156, 39.37007874015748143 ) ;
#1372 = LINE ( 'NONE', #302, #486 ) ;
#1373 = CARTESIAN_POINT ( 'NONE',  ( -0.002877044215626882277, 0.2748031496062992018, 0.2034120734908141936 ) ) ;
#1374 =( NAMED_UNIT ( * ) PLANE_ANGLE_UNIT ( ) SI_UNIT ( $, .RADIAN. ) );
#1375 = EDGE_LOOP ( 'NONE', ( #953, #1215, #1007, #908 ) ) ;
#1376 = DIRECTION ( 'NONE',  ( 1.000000000000000000, 0.0000000000000000000, 0.0000000000000000000 ) ) ;
#1377 = DIRECTION ( 'NONE',  ( 0.0000000000000000000, -1.644517855226014900E-15, 1.000000000000000000 ) ) ;
#1378 = ORIENTED_EDGE ( 'NONE', *, *, #191, .T. ) ;
#1379 = EDGE_LOOP ( 'NONE', ( #918, #1306 ) ) ;
#1380 = CARTESIAN_POINT ( 'NONE',  ( -0.002877044215626882277, 0.2755905511811023723, 0.1731273975368468609 ) ) ;
#1381 = LINE ( 'NONE', #430, #139 ) ;
#1382 = CARTESIAN_POINT ( 'NONE',  ( 0.004189380173632157624, 0.2748031496062992018, 0.1801938219261058904 ) ) ;
#1383 = ORIENTED_EDGE ( 'NONE', *, *, #724, .F. ) ;
#1384 = DIRECTION ( 'NONE',  ( 1.000000000000000000, 0.0000000000000000000, 0.0000000000000000000 ) ) ;
#1385 = DIRECTION ( 'NONE',  ( -1.000000000000000000, -0.0000000000000000000, 0.0000000000000000000 ) ) ;
#1386 = ORIENTED_EDGE ( 'NONE', *, *, #308, .T. ) ;
#1387 = ORIENTED_EDGE ( 'NONE', *, *, #848, .T. ) ;
#1388 = CARTESIAN_POINT ( 'NONE',  ( 0.04330708661417323468, 0.2748031496062992018, 0.1771653543307086520 ) ) ;
#1389 = APPLICATION_CONTEXT ( 'automotive_design' ) ;
#1390 = PRESENTATION_STYLE_ASSIGNMENT (( #1253 ) ) ;
#1391 = CARTESIAN_POINT ( 'NONE',  ( -0.07480314958351851062, -0.09842519685039370636, 0.2240638311120492221 ) ) ;
#1392 =( NAMED_UNIT ( * ) PLANE_ANGLE_UNIT ( ) SI_UNIT ( $, .RADIAN. ) );
#1393 = EDGE_LOOP ( 'NONE', ( #410, #209 ) ) ;
#1394 = ADVANCED_FACE ( 'NONE', ( #402 ), #551, .T. ) ;
#1395 = STYLED_ITEM ( 'NONE', ( #1274 ), #1254 ) ;
#1396 = EDGE_LOOP ( 'NONE', ( #78, #815, #657, #1414 ) ) ;
#1397 = DIRECTION ( 'NONE',  ( 0.8660253974327356552, 8.222589457051226954E-16, -0.5000000110014718446 ) ) ;
#1398 = MECHANICAL_DESIGN_GEOMETRIC_PRESENTATION_REPRESENTATION (  '', ( #459 ), #689 ) ;
#1399 = PLANE ( 'NONE',  #1013 ) ;
#1400 = DIRECTION ( 'NONE',  ( -1.000000000000000000, 0.0000000000000000000, 0.0000000000000000000 ) ) ;
#1401 = AXIS2_PLACEMENT_3D ( 'NONE', #372, #1211, #128 ) ;
#1402 = VECTOR ( 'NONE', #864, 39.37007874015748143 ) ;
#1403 = CARTESIAN_POINT ( 'NONE',  ( -0.002877044215626882277, 0.2748031496062992018, 0.1801938219261058904 ) ) ;
#1404 = CARTESIAN_POINT ( 'NONE',  ( -0.002877044215626882277, 0.2748031496062992018, 0.1731273975368468609 ) ) ;
#1405 = ORIENTED_EDGE ( 'NONE', *, *, #240, .F. ) ;
#1406 = EDGE_CURVE ( 'NONE', #629, #148, #1381, .T. ) ;
#1407 = ORIENTED_EDGE ( 'NONE', *, *, #875, .F. ) ;
#1408 = FILL_AREA_STYLE_COLOUR ( '', #638 ) ;
#1409 = DIRECTION ( 'NONE',  ( 0.0000000000000000000, -1.590163186312072907E-15, 1.000000000000000000 ) ) ;
#1410 = FACE_OUTER_BOUND ( 'NONE', #735, .T. ) ;
#1411 = LINE ( 'NONE', #822, #365 ) ;
#1412 = CARTESIAN_POINT ( 'NONE',  ( -0.002877044215626882277, 0.2755905511811023723, 0.1731273975368468609 ) ) ;
#1413 = EDGE_LOOP ( 'NONE', ( #632, #1334 ) ) ;
#1414 = ORIENTED_EDGE ( 'NONE', *, *, #810, .T. ) ;
#1415 = EDGE_CURVE ( 'NONE', #41, #544, #159, .T. ) ;
#1416 =( CONVERSION_BASED_UNIT ( 'INCH', #928 ) LENGTH_UNIT ( ) NAMED_UNIT ( #134 ) );
#1417 = PRODUCT_DEFINITION_SHAPE ( 'NONE', 'NONE',  #465 ) ;
#1418 = CARTESIAN_POINT ( 'NONE',  ( 0.04527559055118110520, 0.2755905511811023723, 4.263858441287808044E-16 ) ) ;
#1419 = CARTESIAN_POINT ( 'NONE',  ( -0.01181102362204722485, -0.2755905511811023723, -0.1496062992125984370 ) ) ;
#1420 = ORIENTED_EDGE ( 'NONE', *, *, #645, .F. ) ;
#1421 = ORIENTED_EDGE ( 'NONE', *, *, #602, .F. ) ;
#1422 = AXIS2_PLACEMENT_3D ( 'NONE', #481, #20, #270 ) ;
#1423 = EDGE_CURVE ( 'NONE', #424, #48, #1028, .T. ) ;
#1424 = SURFACE_SIDE_STYLE ('',( #1444 ) ) ;
#1425 =( CONVERSION_BASED_UNIT ( 'INCH', #447 ) LENGTH_UNIT ( ) NAMED_UNIT ( #957 ) );
#1426 = COLOUR_RGB ( '',0.7568627450980391913, 0.7568627450980391913, 0.0000000000000000000 ) ;
#1427 = ADVANCED_FACE ( 'NONE', ( #803 ), #1399, .T. ) ;
#1428 = CIRCLE ( 'NONE', #1401, 0.03937007874015747977 ) ;
#1429 = LINE ( 'NONE', #228, #63 ) ;
#1430 = CIRCLE ( 'NONE', #1504, 0.2362204724409449064 ) ;
#1431 = DIRECTION ( 'NONE',  ( 0.0000000000000000000, 1.000000000000000000, 1.644517855226014900E-15 ) ) ;
#1432 = EDGE_LOOP ( 'NONE', ( #981, #38, #451, #85 ) ) ;
#1433 = SURFACE_STYLE_FILL_AREA ( #99 ) ;
#1434 = DIRECTION ( 'NONE',  ( 0.0000000000000000000, 1.000000000000000000, 1.608377782809829973E-15 ) ) ;
#1435 = DIRECTION ( 'NONE',  ( 0.0000000000000000000, -1.000000000000000000, -1.644517855226014900E-15 ) ) ;
#1436 = LINE ( 'NONE', #1051, #890 ) ;
#1437 = VERTEX_POINT ( 'NONE', #530 ) ;
#1438 = DIRECTION ( 'NONE',  ( 0.0000000000000000000, 1.000000000000000000, 1.644517855226014900E-15 ) ) ;
#1439 = FACE_BOUND ( 'NONE', #555, .T. ) ;
#1440 = DIRECTION ( 'NONE',  ( 1.000000000000000000, 0.0000000000000000000, 0.0000000000000000000 ) ) ;
#1441 = EDGE_CURVE ( 'NONE', #629, #1276, #1502, .T. ) ;
#1442 = ORIENTED_EDGE ( 'NONE', *, *, #169, .F. ) ;
#1443 = ORIENTED_EDGE ( 'NONE', *, *, #841, .T. ) ;
#1444 = SURFACE_STYLE_FILL_AREA ( #453 ) ;
#1445 = DIRECTION ( 'NONE',  ( 0.0000000000000000000, 1.000000000000000000, 1.644517855226014900E-15 ) ) ;
#1446 = DIRECTION ( 'NONE',  ( 0.0000000000000000000, 1.000000000000000000, 1.644517855226014900E-15 ) ) ;
#1447 = CIRCLE ( 'NONE', #1528, 0.2165354330708661457 ) ;
#1448 = CARTESIAN_POINT ( 'NONE',  ( 0.2314465446041799324, -0.07874015747047244385, -0.04725048772537244340 ) ) ;
#1449 = VECTOR ( 'NONE', #1190, 39.37007874015748143 ) ;
#1450 = AXIS2_PLACEMENT_3D ( 'NONE', #1155, #749, #1359 ) ;
#1451 = ORIENTED_EDGE ( 'NONE', *, *, #118, .T. ) ;
#1452 = EDGE_CURVE ( 'NONE', #94, #62, #899, .T. ) ;
#1453 = VECTOR ( 'NONE', #1098, 39.37007874015748143 ) ;
#1454 = PLANE ( 'NONE',  #717 ) ;
#1455 = DIRECTION ( 'NONE',  ( 0.0000000000000000000, -1.000000000000000000, -1.644517855226014900E-15 ) ) ;
#1456 = DIRECTION ( 'NONE',  ( -1.000000000000000000, 0.0000000000000000000, 0.0000000000000000000 ) ) ;
#1457 = FACE_OUTER_BOUND ( 'NONE', #293, .T. ) ;
#1458 = ORIENTED_EDGE ( 'NONE', *, *, #295, .T. ) ;
#1459 = ADVANCED_FACE ( 'NONE', ( #303 ), #183, .T. ) ;
#1460 = DIRECTION ( 'NONE',  ( 0.8660254035535563943, 8.222589282706475561E-16, -0.5000000003998997800 ) ) ;
#1461 = EDGE_CURVE ( 'NONE', #1516, #1248, #73, .T. ) ;
#1462 = CARTESIAN_POINT ( 'NONE',  ( -0.07480314956073759458, 0.08858267716535432601, 0.2240638311196547494 ) ) ;
#1463 = VERTEX_POINT ( 'NONE', #1131 ) ;
#1464 =( LENGTH_UNIT ( ) NAMED_UNIT ( * ) SI_UNIT ( $, .METRE. ) );
#1465 = LINE ( 'NONE', #393, #15 ) ;
#1466 = ORIENTED_EDGE ( 'NONE', *, *, #454, .F. ) ;
#1467 = DIRECTION ( 'NONE',  ( 0.0000000000000000000, 1.644517855226014900E-15, -1.000000000000000000 ) ) ;
#1468 = VECTOR ( 'NONE', #254, 39.37007874015748143 ) ;
#1469 = LINE ( 'NONE', #153, #690 ) ;
#1470 = CIRCLE ( 'NONE', #238, 0.2362204724409449064 ) ;
#1471 = EDGE_CURVE ( 'NONE', #353, #650, #1004, .T. ) ;
#1472 = DIRECTION ( 'NONE',  ( 0.0000000000000000000, 1.000000000000000000, 1.608377782809829973E-15 ) ) ;
#1473 = CARTESIAN_POINT ( 'NONE',  ( -0.2165354330708661457, 0.2165354330708661457, 3.560963859741366410E-16 ) ) ;
#1474 = VERTEX_POINT ( 'NONE', #905 ) ;
#1475 = AXIS2_PLACEMENT_3D ( 'NONE', #718, #252, #725 ) ;
#1476 = DIRECTION ( 'NONE',  ( -1.000000000000000000, 0.0000000000000000000, 0.0000000000000000000 ) ) ;
#1477 = EDGE_CURVE ( 'NONE', #1233, #138, #709, .T. ) ;
#1478 = VERTEX_POINT ( 'NONE', #1388 ) ;
#1479 = DIRECTION ( 'NONE',  ( 0.0000000000000000000, 1.000000000000000000, 1.644517855226014900E-15 ) ) ;
#1480 = DIRECTION ( 'NONE',  ( 0.0000000000000000000, -1.000000000000000000, -1.644517855226014900E-15 ) ) ;
#1481 = EDGE_LOOP ( 'NONE', ( #1185, #1442, #573, #473 ) ) ;
#1482 = LINE ( 'NONE', #49, #819 ) ;
#1483 = ORIENTED_EDGE ( 'NONE', *, *, #56, .F. ) ;
#1484 = CARTESIAN_POINT ( 'NONE',  ( -0.002877044215626882277, 0.2748031496062992018, 0.1801938219261058904 ) ) ;
#1485 = DIRECTION ( 'NONE',  ( 1.000000000000000000, 0.0000000000000000000, -0.0000000000000000000 ) ) ;
#1486 = ADVANCED_FACE ( 'NONE', ( #296, #542 ), #311, .T. ) ;
#1487 = ORIENTED_EDGE ( 'NONE', *, *, #445, .T. ) ;
#1488 = PRODUCT_RELATED_PRODUCT_CATEGORY ( 'part', '', ( #704 ) ) ;
#1489 = VERTEX_POINT ( 'NONE', #1149 ) ;
#1490 = LINE ( 'NONE', #887, #1298 ) ;
#1491 = CARTESIAN_POINT ( 'NONE',  ( 0.0000000000000000000, -0.07874015746062992815, -1.302010136163751870E-16 ) ) ;
#1492 = ORIENTED_EDGE ( 'NONE', *, *, #858, .T. ) ;
#1493 = AXIS2_PLACEMENT_3D ( 'NONE', #1170, #223, #347 ) ;
#1494 = DIRECTION ( 'NONE',  ( 0.0000000000000000000, 1.644517855226014900E-15, -1.000000000000000000 ) ) ;
#1495 = CARTESIAN_POINT ( 'NONE',  ( 0.2133818633240134044, -0.07874015748031495954, -0.03682083896354043651 ) ) ;
#1496 = ORIENTED_EDGE ( 'NONE', *, *, #955, .F. ) ;
#1497 = CLOSED_SHELL ( 'NONE', ( #259, #946, #1459, #47, #1511, #1254, #101, #610, #514, #730, #142, #284, #1296, #742, #416, #627, #778, #460, #506, #695, #35, #177, #995, #1307, #1046, #1342, #1136, #636, #1077, #1486, #1029, #336, #452, #1394, #677, #1199, #1257, #1205, #581, #90, #106, #1427, #1246, #1187, #472, #1025, #147 ) ) ;
#1498 = ORIENTED_EDGE ( 'NONE', *, *, #1368, .T. ) ;
#1499 = VECTOR ( 'NONE', #931, 39.37007874015748143 ) ;
#1500 = CARTESIAN_POINT ( 'NONE',  ( 0.0000000000000000000, -0.07874015746062992815, -1.302010136163751870E-16 ) ) ;
#1501 = AXIS2_PLACEMENT_3D ( 'NONE', #1329, #362, #493 ) ;
#1502 = LINE ( 'NONE', #1373, #313 ) ;
#1503 =( NAMED_UNIT ( * ) PLANE_ANGLE_UNIT ( ) SI_UNIT ( $, .RADIAN. ) );
#1504 = AXIS2_PLACEMENT_3D ( 'NONE', #117, #612, #843 ) ;
#1505 = VERTEX_POINT ( 'NONE', #676 ) ;
#1506 = CYLINDRICAL_SURFACE ( 'NONE', #563, 0.2165354330708661457 ) ;
#1507 = LINE ( 'NONE', #1404, #503 ) ;
#1508 = ORIENTED_EDGE ( 'NONE', *, *, #972, .F. ) ;
#1509 = ORIENTED_EDGE ( 'NONE', *, *, #1279, .F. ) ;
#1510 = CARTESIAN_POINT ( 'NONE',  ( 0.04527559055118110520, 0.2362204724409449064, 3.940134454038593006E-16 ) ) ;
#1511 = ADVANCED_FACE ( 'NONE', ( #785 ), #521, .F. ) ;
#1512 = DIRECTION ( 'NONE',  ( 0.0000000000000000000, -1.000000000000000000, -1.608377782809829973E-15 ) ) ;
#1513 = PRESENTATION_STYLE_ASSIGNMENT (( #635 ) ) ;
#1514 = EDGE_LOOP ( 'NONE', ( #1421, #1041, #389, #224 ) ) ;
#1515 = CARTESIAN_POINT ( 'NONE',  ( -0.02609529578033515859, 0.2755905511811023723, 0.1801938219261058904 ) ) ;
#1516 = VERTEX_POINT ( 'NONE', #768 ) ;
#1517 = EDGE_LOOP ( 'NONE', ( #588, #950, #782, #1094 ) ) ;
#1518 = DIRECTION ( 'NONE',  ( 0.8660253974327356552, -8.222589457051237801E-16, 0.5000000110014718446 ) ) ;
#1519 = DIRECTION ( 'NONE',  ( 0.0000000000000000000, 1.000000000000000000, 1.608377782809829973E-15 ) ) ;
#1520 = DIRECTION ( 'NONE',  ( 0.0000000000000000000, 1.000000000000000000, 1.644517855226014900E-15 ) ) ;
#1521 = DIRECTION ( 'NONE',  ( 0.0000000000000000000, 1.000000000000000000, 1.644517855226014900E-15 ) ) ;
#1522 = EDGE_CURVE ( 'NONE', #1505, #1026, #889, .T. ) ;
#1523 = AXIS2_PLACEMENT_3D ( 'NONE', #1160, #1291, #560 ) ;
#1524 = ORIENTED_EDGE ( 'NONE', *, *, #579, .F. ) ;
#1525 = ORIENTED_EDGE ( 'NONE', *, *, #248, .F. ) ;
#1526 = PRESENTATION_STYLE_ASSIGNMENT (( #1054 ) ) ;
#1527 = DIRECTION ( 'NONE',  ( -0.8660253974327367654, -8.222589457051206247E-16, 0.5000000110014699573 ) ) ;
#1528 = AXIS2_PLACEMENT_3D ( 'NONE', #697, #702, #1 ) ;
#1529 = CARTESIAN_POINT ( 'NONE',  ( 0.02740763173834043220, 0.2748031496062992018, 0.1801938219261058904 ) ) ;
#1530 = AXIS2_PLACEMENT_3D ( 'NONE', #1382, #871, #777 ) ;
#1531 = CARTESIAN_POINT ( 'NONE',  ( 0.004189380173632157624, 0.2748031496062992018, 0.1731273975368468609 ) ) ;
#1532 = DIMENSIONAL_EXPONENTS ( 1.000000000000000000, 0.0000000000000000000, 0.0000000000000000000, 0.0000000000000000000, 0.0000000000000000000, 0.0000000000000000000, 0.0000000000000000000 ) ;
#1533 = CARTESIAN_POINT ( 'NONE',  ( 0.004189380173632157624, 0.2748031496062992018, 0.1801938219261058904 ) ) ;
#1534 = ORIENTED_EDGE ( 'NONE', *, *, #394, .T. ) ;
#1535 = DIRECTION ( 'NONE',  ( 0.0000000000000000000, 1.000000000000000000, 1.644517855226014900E-15 ) ) ;
#1536 = DIRECTION ( 'NONE',  ( -1.000000000000000000, 0.0000000000000000000, 0.0000000000000000000 ) ) ;
#1537 = LINE ( 'NONE', #332, #1317 ) ;
#1538 = EDGE_LOOP ( 'NONE', ( #985, #1308, #1040, #1487 ) ) ;
#1539 = EDGE_CURVE ( 'NONE', #94, #125, #1212, .T. ) ;
#1540 = VERTEX_POINT ( 'NONE', #361 ) ;
#1541 = EDGE_CURVE ( 'NONE', #185, #650, #3, .T. ) ;
#1542 = FILL_AREA_STYLE_COLOUR ( '', #568 ) ;
#1543 = LINE ( 'NONE', #1403, #343 ) ;
#1544 = LINE ( 'NONE', #1176, #432 ) ;
#1545 = ORIENTED_EDGE ( 'NONE', *, *, #359, .T. ) ;
#1546 = AXIS2_PLACEMENT_3D ( 'NONE', #1491, #1512, #422 ) ;
#1547 = CARTESIAN_POINT ( 'NONE',  ( 0.0000000000000000000, 0.2755905511811023723, 0.1771653543307086520 ) ) ;
#1548 = VECTOR ( 'NONE', #807, 39.37007874015748143 ) ;
#1549 = CARTESIAN_POINT ( 'NONE',  ( -0.04330708661417323468, 0.2748031496062992018, 0.1771653543307086520 ) ) ;
#1550 = CARTESIAN_POINT ( 'NONE',  ( -0.07480314960629921850, -0.09842519685039370636, 0.2240638311023622209 ) ) ;
#1551 = VECTOR ( 'NONE', #1035, 39.37007874015748143 ) ;
ENDSEC;
END-ISO-10303-21;
